player_id,name,position,base_price,daily_movement,current_price
642758,Domingo Acevedo,P,61.85,-4.70%,58.94
670183,Garrett Acton,P,39.55,-4.20%,37.89
542583,Jesús Aguilar,1B,100.3,+4.10%,104.41
669397,Nick Allen,SS,106.3,+3.50%,110.02
621112,Paul Blackburn,P,149.05,+4.70%,156.06
668709,JJ Bleday,CF,135.5,+4.40%,141.46
671212,Joe Boyle,P,132.85,+4.80%,139.23
681146,Jonah Bride,1B,58.0,-3.90%,55.74
664913,Seth Brown,LF,188.6,+4.60%,197.28
671732,Lawrence Butler,RF,93.3,+4.20%,97.22
668843,Conner Capel,LF,81.0,+2.00%,82.62
649557,Aledmys Díaz,SS,112.7,+5.00%,118.34
672478,Jordan Diaz,2B,143.3,+1.00%,144.73
668674,Lucas Erceg,P,128.65,+1.00%,129.94
683155,Joey Estes,P,89.5,+0.00%,89.5
544727,Jeurys Familia,P,81.55,-1.00%,80.73
665734,Angel Felipe,P,113.1,+2.00%,115.36
660261,Shintaro Fujinami,P,125.8,+0.00%,125.8
670329,Rico Garcia,P,65.9,-1.00%,65.24
680869,Zack Gelof,2B,182.1,+4.00%,189.38
663687,Hogan Harris,P,112.1,+2.50%,114.9
667427,Zach Jackson,P,117.8,-2.50%,114.85
666204,Dany Jiménez,P,121.75,-1.50%,119.92
621076,James Kaprielian,P,115.0,+4.50%,120.17
643393,Tony Kemp,2B,114.7,+1.50%,116.42
669127,Shea Langeliers,C,234.5,+4.50%,245.05
657656,Ramón Laureano,RF,147.2,+2.50%,150.88
669674,Sam Long,P,106.8,-0.50%,106.27
663992,Richard Lovelady,P,117.45,+2.50%,120.39
687922,Easton Lucas,P,71.0,-4.50%,67.8
661309,Adrián Martínez,P,121.35,+0.00%,121.35
543507,Trevor May,P,126.2,+0.00%,126.2
665622,Luis Medina,P,145.7,+0.00%,145.7
695243,Mason Miller,P,126.1,+0.00%,126.1
594580,Sam Moll,P,144.05,+0.00%,144.05
666205,Kyle Muller,P,100.8,+0.00%,100.8
594943,Zach Neal,P,96.55,+0.00%,96.55
656794,Sean Newcomb,P,120.9,+0.00%,120.9
676116,Ryan Noda,1B,202.7,+0.00%,202.7
670124,Adam Oller,P,64.55,+0.00%,64.55
607359,Spencer Patton,P,97.15,-5.00%,92.29
542208,Carlos Pérez,C,60.0,-5.00%,57.0
660906,Francisco Pérez,P,97.3,+5.00%,102.17
607054,Jace Peterson,SS,130.3,+5.00%,136.82
444489,Manny Piña,C,81.0,+3.00%,83.43
643493,Austin Pruitt,P,126.9,+4.00%,131.98
605441,Yacksel Ríos,P,1.0,-5.00%,0.95
667670,Brent Rooker,LF,292.8,+5.00%,307.44
607968,Drew Rucinski,P,62.4,-5.00%,59.28
665923,Esteury Ruiz,LF,148.2,+4.00%,154.13
605463,Tayler Scott,P,93.1,-4.00%,89.38
676664,JP Sears,P,182.6,+2.00%,186.25
663385,Chad Smith,P,89.35,-3.00%,86.67
675656,Kevin Smith,3B,91.5,+1.00%,92.42
669912,Kirby Snead,P,97.15,+2.00%,99.09
691016,Tyler Soderstrom,1B,70.0,+1.00%,70.7
682967,Devin Sweet,P,64.1,-1.00%,63.46
676206,Freddy Tarnok,P,102.45,+0.00%,102.45
642137,Cody Thomas,RF,78.4,+1.00%,79.18
642180,Tyler Wade,3B,78.5,+0.00%,78.5
657093,Spenser Watkins,P,58.5,-2.50%,57.04
609280,Miguel Andujar,LF,113.0,+5.00%,118.65
678225,Ji Hwan Bae,CF,111.3,+3.50%,115.2
670280,David Bednar,P,158.0,+4.50%,165.11
674370,Osvaldo Bido,P,114.7,+0.50%,115.27
675989,Cody Bolton,P,87.15,+1.00%,88.02
621366,Ryan Borucki,P,139.45,+4.00%,145.03
681962,Vinny Capra,3B,51.1,+0.00%,51.1
666801,Rodolfo Castro,SS,117.3,+3.00%,120.82
596847,Ji Man Choi,1B,91.9,+1.50%,93.28
672710,Roansy Contreras,P,113.15,-3.21%,109.52
640444,Wil Crowe,P,94.0,-5.00%,89.3
665833,Oneil Cruz,OF,84.0,+3.13%,86.63
680779,Henry Davis,C,122.9,+0.97%,124.09
608328,Chase De Jong,P,43.6,-4.94%,41.45
660787,Yerry De Los Santos,P,117.75,+1.59%,119.62
641511,Jason Delay,C,98.3,+0.84%,99.13
663559,Bailey Falter,P,125.0,-2.38%,122.02
693304,Nick Gonzales,2B,85.7,-1.43%,84.47
641672,Thomas Hatch,P,111.2,+0.36%,111.6
663647,Ke'Bryan Hayes,3B,217.3,-2.00%,212.95
595978,Austin Hedges,C,76.2,-3.00%,73.91
623168,Tyler Heineman,C,74.1,-1.00%,73.36
669796,Jose E. Hernandez,P,128.95,-2.00%,126.37
448179,Rich Hill,P,157.05,-3.00%,152.34
670059,Colin Holderman,P,132.9,-1.00%,131.57
656578,Andre Jackson,P,129.35,-2.00%,126.76
656582,Connor Joe,1B,171.1,-1.00%,169.39
656605,Mitch Keller,P,208.95,-2.00%,204.77
543482,Drew Maggi,3B,100.9,-1.00%,99.89
672779,Tucupita Marcano,SS,102.9,-3.00%,99.81
664029,Mark Mathias,2B,73.8,-2.00%,72.32
457705,Andrew McCutchen,RF,179.8,+5.00%,188.79
668751,Cal Mitchell,1B,1.0,-5.00%,0.95
669387,Carmen Mlodzinski,P,130.15,+3.00%,134.05
664294,Dauri Moreta,P,147.6,+4.00%,153.5
693312,Kyle Nicolas,P,53.25,-5.00%,50.59
682847,Luis L. Ortiz,P,121.6,+2.00%,124.03
670912,Johan Oviedo,P,180.05,+1.00%,181.85
572008,Chris Owings,SS,60.0,-5.00%,57.0
641943,Joshua Palacios,RF,161.7,+0.20%,162.02
678894,Liover Peguero,SS,132.1,-0.10%,131.97
622780,Angel Perdomo,P,131.4,-0.30%,131.01
682990,Quinn Priester,P,95.3,-1.20%,94.16
670990,Yohan Ramírez,P,117.15,-0.50%,116.56
668804,Bryan Reynolds,LF,282.9,+0.80%,285.16
663845,Alfonso Rivas III,1B,98.7,+0.10%,98.8
682848,Endy Rodríguez,C,94.0,-0.20%,93.81
467793,Carlos Santana,1B,273.0,+0.70%,274.91
681882,Colin Selby,P,83.4,-1.40%,82.23
675986,Canaan Smith-Njigba,RF,42.5,+3.00%,43.77
596112,Robert Stephenson,P,155.4,+4.00%,161.62
676702,Hunter Stratton,P,123.75,-3.00%,120.04
669261,Jack Suwinski,CF,271.2,+5.00%,284.76
669707,Jared Triolo,3B,125.4,+2.00%,127.91
621249,Duane Underwood Jr.,P,102.3,-5.00%,97.18
592826,Vince Velasquez,P,123.0,+3.00%,126.69
675961,Alika Williams,2B,65.4,-2.00%,64.09
642239,Rob Zastryzny,P,97.75,-4.00%,93.84
658648,Pedro Avila,P,133.9,+1.00%,135.24
640492,José Azocar,LF,88.3,+3.00%,90.95
605130,Scott Barlow,P,95.0,+2.00%,96.9
676946,Matthew Batten,2B,98.4,+4.00%,102.34
593428,Xander Bogaerts,2B,238.5,+3.00%,245.66
669134,Luis Campusano,C,160.7,+5.00%,168.73
656290,Drew Carlton,P,114.05,+4.00%,118.61
572761,Matt Carpenter,DH,108.8,-5.00%,103.36
620454,José Castillo,P,1.0,-5.00%,0.95
596847,Ji Man Choi,1B,91.9,-3.00%,89.14
643265,Garrett Cooper,1B,221.3,+5.00%,232.37
676680,Tom Cosgrove,P,143.85,+5.00%,151.04
622503,Nabil Crismatt,P,74.45,-5.00%,70.73
630105,Jake Cronenworth,1B,166.7,+2.00%,170.03
443558,Nelson Cruz,DH,121.5,+1.00%,122.72
621311,David Dahl,LF,39.3,-5.00%,37.33
506433,Yu Darvish,P,171.7,+5.00%,180.28
641525,Brandon Dixon,3B,79.9,+2.00%,81.5
641553,Adam Engel,CF,1.0,-5.00%,0.95
664744,Jose Espada,P,111.0,-5.00%,105.45
592325,Ben Gamel,RF,62.0,-5.00%,58.9
472610,Luis García,P,128.35,+4.00%,133.48
663757,Trent Grisham,CF,174.4,+2.50%,178.76
623352,Josh Hader,P,95.0,+1.00%,95.95
663321,Nick Hernandez,P,45.9,-4.50%,43.83
448179,Rich Hill,P,157.05,-1.50%,154.69
657612,Tim Hill,P,102.6,-2.00%,100.55
641703,Brent Honeywell,P,119.4,+3.00%,122.98
689690,Alek Jacob,P,145.9,+5.00%,153.2
678061,Ray Kerr,P,120.65,+4.50%,126.08
673490,Ha-Seong Kim,SS,223.0,+3.50%,230.8
663753,Reiss Knehr,P,19.6,-3.00%,19.01
670128,Taylor Kohlwey,RF,46.2,-5.00%,43.89
607625,Seth Lugo,P,178.15,+4.00%,185.28
592518,Manny Machado,3B,318.4,+5.00%,334.32
607259,Nick Martinez,P,160.65,+2.00%,163.86
670970,Adrian Morejon,P,76.8,-1.00%,76.03
605397,Joe Musgrove,P,160.45,+1.00%,162.05
543592,Austin Nola,C,56.8,-4.00%,54.53
596059,Rougned Odor,2B,98.9,+3.00%,101.87
595777,Jurickson Profar,LF,163.6,+2.00%,166.87
663845,Alfonso Rivas III,1B,98.7,-4.50%,94.26
666703,Eguy Rosario,3B,91.0,-0.50%,90.55
596142,Gary Sánchez,C,207.1,+2.50%,212.28
676882,Chandler Seagle,C,1.0,-5.00%,0.95
605483,Blake Snell,P,231.95,+1.00%,234.27
665742,Juan Soto,RF,366.5,-0.50%,364.67
663158,Robert Suarez,P,95.0,-0.50%,94.53
664954,Brett Sullivan,C,74.0,-2.50%,72.15
593619,Domingo Tapia,P,95.0,-0.50%,94.53
665487,Fernando Tatis Jr.,RF,280.1,+1.00%,282.9
608379,Michael Wacha,P,172.7,-3.50%,166.66
663362,Matt Waldron,P,119.15,-4.50%,113.79
677960,Ryan Weathers,P,105.15,-5.00%,99.89
621051,Steven Wilson,P,135.55,-3.00%,131.48
680232,Jackson Wolf,P,95.5,-5.00%,90.72
686654,Ty Adcock,P,124.25,+2.00%,126.73
660825,Eduard Bazardo,P,111.2,+1.50%,112.87
672860,Prelander Berroa,P,115.5,-2.00%,113.19
666374,Matt Brash,P,95.0,-1.00%,94.05
656266,J.B. Bukauskas,P,95.0,-1.00%,94.05
676609,José Caballero,SS,112.3,-4.00%,107.81
663462,Isaiah Campbell,P,127.95,+2.00%,130.51
686527,Dominic Canzone,RF,117.0,+1.00%,118.17
650895,Diego Castillo,P,89.95,-4.00%,86.35
622491,Luis Castillo,P,220.8,+4.00%,229.63
641487,J.P. Crawford,SS,239.8,+3.00%,246.99
670036,Matt Festa,P,100.9,-3.00%,97.87
623167,Chris Flexen,P,119.3,-5.00%,113.33
645801,Mike Ford,1B,60.0,-5.00%,57.0
664034,Ty France,1B,193.0,+2.00%,196.86
669302,Logan Gilbert,P,204.25,+2.50%,209.36
594835,Marco Gonzales,P,111.7,-3.00%,108.35
641627,Trevor Gott,P,131.85,+2.50%,135.15
664059,Sam Haggerty,LF,85.9,-3.00%,83.32
676106,Emerson Hancock,P,103.9,-4.00%,99.74
606192,Teoscar Hernández,LF,300.4,+5.00%,315.42
669450,Cooper Hummel,LF,26.1,-5.00%,24.79
672284,Jarred Kelenic,LF,179.9,+1.00%,181.7
669923,George Kirby,P,198.45,+3.00%,204.4
600303,Tommy La Stella,DH,59.0,-4.00%,56.64
608678,Dominic Leone,P,125.05,+4.00%,130.05
687799,Cade Marlowe,LF,97.7,-2.00%,95.75
670766,Darren McCaughan,P,88.0,-4.00%,84.48
668834,Easton McGee,P,145.0,+5.00%,152.25
682243,Bryce Miller,P,165.1,-2.00%,161.8
543548,Tommy Milone,P,112.7,+3.00%,116.08
664238,Dylan Moore,SS,116.1,-3.00%,112.62
662253,Andrés Muñoz,P,95.0,-5.00%,90.25
682171,Penn Murfee,P,130.15,+4.50%,136.01
608596,Tom Murphy,C,144.0,+3.50%,149.04
657247,Brian O'Keefe,C,33.5,-3.00%,32.49
572041,AJ Pollock,CF,89.5,+4.00%,93.08
663728,Cal Raleigh,C,294.6,+5.00%,309.33
592662,Robbie Ray,P,57.0,-5.00%,54.15
642578,José Rodríguez,P,78.9,-5.00%,74.95
677594,Julio Rodríguez,CF,345.5,+5.00%,362.78
668942,Josh Rojas,3B,60.0,-5.00%,57.0
656924,Ryder Ryan,P,131.0,+2.00%,133.62
642048,Tayler Saucedo,P,95.0,-5.00%,90.25
623149,Paul Sewald,P,95.0,-5.00%,90.25
642100,Gabe Speier,P,141.85,+2.00%,144.69
553993,Eugenio Suárez,3B,275.6,+3.00%,283.87
682967,Devin Sweet,P,64.1,-5.00%,60.89
672730,Juan Then,P,98.95,-3.00%,95.98
663423,Trent Thornton,P,129.95,+4.00%,135.15
623437,Justin Topa,P,144.65,+2.00%,147.54
620443,Luis Torrens,C,79.0,-4.00%,75.84
666211,Taylor Trammell,LF,65.0,-5.00%,61.75
596133,Luke Weaver,P,140.9,-4.00%,135.26
543939,Kolten Wong,2B,101.9,-4.00%,97.82
693433,Bryan Woo,P,151.25,+3.00%,155.79
518397,Scott Alexander,P,95.0,-5.00%,90.25
672275,Patrick Bailey,C,152.9,+4.00%,159.02
663698,Joey Bart,C,67.1,-2.00%,65.76
607461,Matt Beaty,DH,73.0,-1.00%,72.27
663941,Tristan Beck,P,140.0,+1.00%,141.4
605154,John Brebbia,P,130.15,+2.00%,132.75
622666,Johan Camargo,3B,68.6,-3.00%,66.54
502171,Alex Cobb,P,169.75,+5.00%,178.24
624424,Michael Conforto,LF,204.7,+4.00%,212.89
543063,Brandon Crawford,SS,60.0,+0.00%,60.0
605204,J.D. Davis,1B,233.4,+0.80%,235.27
657557,Paul DeJong,SS,170.1,-0.40%,169.42
543101,Anthony DeSclafani,P,140.1,-0.20%,139.82
656371,Isan Díaz,2B,13.6,-4.00%,13.06
666808,Camilo Doval,P,156.05,+0.60%,156.99
642731,Thairo Estrada,2B,200.3,+0.40%,201.1
666149,Tyler Fitzgerald,SS,80.7,+0.20%,80.86
527038,Wilmer Flores,1B,260.2,+1.00%,262.8
571745,Mitch Haniger,RF,120.7,-0.60%,119.98
690986,Kyle Harrison,P,123.75,+4.00%,128.7
663546,Sean Hjelle,P,97.7,-3.00%,94.77
592426,Luke Jackson,P,132.05,+4.00%,137.33
669369,Bryce Johnson,RF,56.9,-1.00%,56.33
596001,Jakob Junis,P,152.85,+5.00%,160.49
661440,Mauricio Llovera,P,110.85,-2.00%,108.63
682617,Marco Luciano,SS,69.3,-5.00%,65.83
640455,Sean Manaea,P,167.0,+3.00%,172.01
664029,Mark Mathias,2B,73.8,-1.00%,73.06
682641,Luis Matos,CF,99.0,+2.00%,100.98
685133,Wade Meckler,OF,73.6,+3.00%,75.81
592626,Joc Pederson,DH,196.5,+5.00%,206.33
547379,Roberto Pérez,C,40.9,-5.00%,38.86
572041,AJ Pollock,CF,89.5,-3.00%,86.81
671218,Heliot Ramos,CF,60.7,+2.00%,61.91
573124,Taylor Rogers,P,138.05,+5.00%,144.95
643511,Tyler Rogers,P,95.0,-5.00%,90.25
573131,Darin Ruf,DH,70.2,+1.00%,70.9
666165,Blake Sabol,C,179.5,+4.00%,186.68
669477,Casey Schmitt,2B,116.8,+3.00%,120.3
596103,Austin Slater,RF,126.0,+3.00%,129.78
670276,Cal Stevenson,CF,1.0,-5.00%,0.95
548389,Ross Stripling,P,131.2,-2.00%,128.58
681584,David Villar,2B,80.5,-3.00%,78.08
664774,LaMonte Wade Jr.,1B,206.8,+5.00%,217.14
686972,Cole Waites,P,5.25,-5.00%,4.99
676254,Ryan Walker,P,145.05,+4.00%,150.85
657277,Logan Webb,P,209.35,+5.00%,219.82
676775,Keaton Winn,P,123.3,+1.00%,124.53
689172,Brett Wisely,2B,70.5,-4.00%,67.68
622072,Alex Wood,P,136.75,-0.59%,135.94
642851,Austin Wynns,C,77.4,+0.41%,77.72
573262,Mike Yastrzemski,RF,187.9,-0.63%,186.72
571448,Nolan Arenado,3B,302.8,-0.36%,301.71
663609,Luken Baker,1B,82.7,+0.76%,83.33
606930,Jacob Barnes,P,93.55,-1.42%,92.22
668663,Tres Barrera,C,1.0,-4.29%,0.96
676475,Alec Burleson,RF,60.0,-4.76%,57.14
650893,Génesis Cabrera,P,132.6,+0.05%,132.67
666185,Dylan Carlson,LF,117.7,-0.29%,117.36
575929,Willson Contreras,C,246.2,-4.00%,236.35
657557,Paul DeJong,SS,170.1,-2.50%,165.85
680977,Brendan Donovan,LF,174.2,+2.00%,177.68
669242,Tommy Edman,CF,186.4,+0.50%,187.33
665877,José Fermín,2B,74.5,-4.50%,71.15
656427,Jack Flaherty,P,167.45,+0.50%,168.29
606149,Giovanny Gallegos,P,133.4,+1.00%,134.73
502671,Paul Goldschmidt,1B,285.4,+3.00%,293.96
669357,Nolan Gorman,2B,281.8,+4.50%,294.48
664854,Ryan Helsley,P,95.0,+5.00%,99.75
671056,Iván Herrera,C,93.1,-4.00%,89.38
663855,Jordan Hicks,P,146.85,+4.00%,152.72
641712,Dakota Hudson,P,117.6,-1.00%,116.42
667463,John King,P,112.5,+1.00%,113.62
668800,Andrew Knizner,C,153.3,+2.00%,156.37
596271,Casey Lawrence,P,96.25,-1.00%,95.29
681517,Kyle Leahy,P,1.0,-5.00%,0.95
669461,Matthew Liberatore,P,117.15,-2.00%,114.81
676761,Irving Lopez,2B,1.0,-2.00%,0.98
571927,Steven Matz,P,153.1,+3.00%,157.69
640458,Óscar Mercado,CF,92.0,+4.50%,96.14
571945,Miles Mikolas,P,168.2,-2.00%,164.84
656756,Jordan Montgomery,P,193.2,+3.00%,199.0
600301,Taylor Motter,2B,53.3,-4.00%,51.17
664942,James Naile,P,95.0,-5.00%,90.25
676050,Packy Naughton,P,140.5,+4.50%,146.82
663457,Lars Nootbaar,RF,194.3,+4.00%,202.07
641933,Tyler O'Neill,LF,135.3,+2.50%,138.68
680700,Richie Palacios,2B,123.4,+4.50%,128.95
669467,Andre Pallante,P,116.5,-2.00%,114.17
578570,Juniel Querecuto,3B,30.0,-5.00%,28.5
680723,Drew Rom,P,84.3,+3.00%,86.83
668941,JoJo Romero,P,95.0,-3.00%,92.15
672279,Michael Siani,CF,1.0,-5.00%,0.95
608717,Chris Stratton,P,148.1,+2.00%,151.06
605498,Andrew Suárez,P,88.1,-3.00%,85.46
572193,Ryan Tepera,P,76.35,-2.00%,74.82
668868,Zack Thompson,P,135.2,+1.00%,136.55
572403,Drew VerHagen,P,134.5,+2.00%,137.19
425794,Adam Wainwright,P,102.5,-4.00%,98.4
691023,Jordan Walker,RF,213.8,+4.00%,222.35
691026,Masyn Winn,SS,73.6,-1.00%,72.86
663765,Jake Woodford,P,98.55,+2.00%,100.52
660766,Juan Yepez,1B,66.9,+2.00%,68.24
670871,Guillo Zuñiga,P,109.5,-5.00%,104.02
592094,Jason Adam,P,149.4,+3.00%,153.88
502624,Chase Anderson,P,126.5,-2.00%,123.97
666018,Jonathan Aranda,1B,92.0,+2.00%,93.84
542888,Shawn Armstrong,P,152.1,+5.00%,159.71
668227,Randy Arozarena,LF,274.2,+4.00%,285.17
678545,Osleivis Basabe,SS,82.4,+2.00%,84.05
656222,Jalen Beeks,P,113.95,-1.00%,112.81
542194,Christian Bethancourt,C,155.5,+5.00%,163.28
671737,Taj Bradley,P,158.75,+4.00%,165.1
668754,Braden Bristo,P,113.85,-5.00%,108.16
660644,Vidal Bruján,SS,57.3,-2.00%,56.15
641420,Zack Burdi,P,56.25,-5.00%,53.44
691406,Junior Caminero,3B,82.5,+1.00%,83.33
630023,Yonny Chirinos,P,121.7,+3.00%,125.35
650644,Aaron Civale,P,167.5,+4.00%,174.2
664076,Garrett Cleavinger,P,122.0,-4.00%,117.12
681867,Cooper Criswell,P,103.85,+1.00%,104.89
606965,Chris Devenski,P,126.5,+2.00%,129.03
650490,Yandy Díaz,1B,287.0,+3.00%,295.61
518617,Jake Diekman,P,138.9,+1.00%,140.29
621107,Zach Eflin,P,205.1,-2.00%,201.0
664126,Pete Fairbanks,P,150.9,+3.00%,155.43
676534,Calvin Faucher,P,93.85,-4.00%,90.1
676596,Josh Fleming,P,110.0,-3.00%,106.7
677551,Wander Franco,SS,227.3,+3.00%,234.12
607192,Tyler Glasnow,P,191.75,+2.00%,195.59
656484,Tristan Gray,3B,126.0,+4.00%,131.04
642770,Javy Guerra,P,86.35,-3.00%,83.76
592390,Heath Hembree,P,136.0,+5.00%,142.8
665001,Trevor Kelley,P,97.55,-2.00%,95.6
687330,Kevin Kelly,P,142.35,+3.00%,146.62
552640,Andrew Kittredge,P,115.55,+1.00%,116.71
686747,Joe La Sorsa,P,116.75,+0.00%,116.75
641793,Zack Littell,P,142.9,+1.00%,144.33
682052,Jacob Lopez,P,106.1,+0.00%,106.1
673111,José Lopez,P,88.5,-3.50%,85.4
664040,Brandon Lowe,2B,242.3,+4.85%,254.05
666139,Josh Lowe,RF,270.6,+5.00%,284.13
622534,Manuel Margot,LF,137.2,-2.20%,134.18
663556,Shane McClanahan,P,170.45,+4.20%,177.61
678554,Curtis Mead,2B,85.9,-1.10%,84.96
642336,Francisco Mejía,C,112.1,-0.85%,111.15
670623,Isaac Paredes,3B,328.0,+4.90%,344.07
672715,Luis Patiño,P,103.75,-3.60%,100.02
660431,Hector Perez,P,1.0,-4.90%,0.95
650907,René Pinto,C,60.0,-4.83%,57.1
621363,Colin Poche,P,147.55,+4.71%,154.5
670042,Luke Raley,LF,218.7,+4.42%,228.37
541640,Erasmo Ramírez,P,108.05,-4.26%,103.45
623912,Harold Ramírez,RF,221.9,+4.11%,231.02
656876,Drew Rasmussen,P,139.4,+4.71%,145.97
660730,Elvin Rodriguez,P,152.5,+4.64%,159.58
642350,Jose Siri,CF,247.6,+4.45%,258.62
605488,Jeffrey Springs,P,149.2,+4.82%,156.39
596112,Robert Stephenson,P,155.4,+4.34%,162.14
606132,Raimel Tapia,RF,98.8,-2.49%,96.34
657044,Ryan Thompson,P,123.2,-1.79%,121.0
670764,Taylor Walls,SS,136.3,-2.58%,132.79
681982,Grant Anderson,P,110.55,-4.18%,105.93
669618,Joe Barlow,P,98.7,-3.70%,95.05
674003,Cody Bradford,P,124.8,-4.64%,119.01
656271,Brock Burke,P,129.75,-3.82%,124.79
694497,Evan Carter,LF,128.8,+0.80%,129.83
547973,Aroldis Chapman,P,161.05,-1.87%,158.04
641540,Dane Dunning,P,176.3,+0.92%,177.92
677649,Ezequiel Duran,3B,198.8,-4.50%,189.85
543135,Nathan Eovaldi,P,175.05,+4.50%,182.93
666969,Adolis García,RF,375.5,+2.50%,384.89
641598,Mitch Garver,DH,226.0,+3.50%,233.91
592351,Jon Gray,P,95.0,-5.00%,90.25
543257,Robbie Grossman,LF,170.4,+1.50%,172.96
571760,Andrew Heaney,P,177.15,+3.00%,182.46
621368,Taylor Hearn,P,95.0,-5.00%,90.25
595978,Austin Hedges,C,76.2,-4.00%,73.15
641680,Jonah Heim,C,262.4,+4.00%,272.9
642546,Jonathan Hernández,P,108.4,-4.20%,103.85
675921,Spencer Howard,P,55.0,-4.80%,52.36
669087,Sam Huff,C,97.8,+4.50%,102.2
608671,Travis Jankowski,CF,113.9,+4.60%,119.14
673962,Josh Jung,3B,264.8,+4.70%,277.25
453178,Ian Kennedy,P,96.5,-4.30%,92.35
667463,John King,P,112.5,+4.40%,117.45
656641,Jacob Latz,P,139.9,+5.00%,146.9
600917,José Leclerc,P,147.3,+4.90%,154.52
506702,Sandy León,C,47.8,-4.00%,45.89
663993,Nathaniel Lowe,1B,245.6,-2.00%,240.69
679881,J.P. Martínez,RF,76.5,-4.00%,73.44
543543,Brad Miller,DH,60.0,-5.00%,57.0
656756,Jordan Montgomery,P,193.2,+5.00%,202.86
680716,Jonathan Ornelas,3B,42.9,-5.00%,40.75
657248,Glenn Otto,P,67.25,-5.00%,63.89
527048,Martín Pérez,P,146.25,+2.00%,149.18
666142,Cole Ragans,P,95.0,-5.00%,90.25
666720,Yerry Rodríguez,P,80.0,-3.00%,77.6
622250,Josh Sborz,P,95.0,-5.00%,90.25
453286,Max Scherzer,P,195.75,+3.00%,201.62
608369,Corey Seager,SS,359.1,+5.00%,377.06
543760,Marcus Semien,2B,327.8,+4.00%,340.91
669701,Josh Smith,3B,100.5,-5.00%,95.47
519293,Will Smith,P,134.3,+2.00%,136.99
666208,Alex Speas,P,14.5,-5.00%,13.77
608717,Chris Stratton,P,148.1,+1.00%,149.58
665750,Leody Taveras,CF,216.8,+3.00%,223.3
669352,Bubba Thompson,CF,55.0,-5.00%,52.25
669391,Owen White,P,60.75,-5.00%,57.71
594798,Jacob deGrom,P,143.95,+4.00%,149.71
542914,Anthony Bass,P,106.75,-2.00%,104.61
605135,Chris Bassitt,P,201.4,+5.00%,211.47
474832,Brandon Belt,DH,214.2,+3.00%,220.63
621244,José Berríos,P,95.0,-3.00%,92.15
666182,Bo Bichette,SS,264.8,+1.00%,267.45
624415,Cavan Biggio,2B,155.5,-1.00%,153.94
650893,Génesis Cabrera,P,132.6,+2.00%,135.25
656305,Matt Chapman,3B,211.0,+1.00%,213.11
643256,Adam Cimber,P,88.0,-4.00%,84.48
676391,Ernie Clement,3B,60.0,-5.00%,57.0
668470,Hagen Danner,P,150.0,+5.00%,157.5
657557,Paul DeJong,SS,170.1,+2.00%,173.5
686490,Cam Eden,CF,50.1,-5.00%,47.59
669289,Santiago Espinal,3B,109.4,+1.00%,110.49
670102,Bowden Francis,P,142.25,+5.00%,149.36
554340,Yimi García,P,144.25,+4.00%,150.02
592332,Kevin Gausman,P,229.1,+3.00%,235.97
643338,Chad Green,P,105.15,-2.00%,103.05
665489,Vladimir Guerrero Jr.,1B,303.2,+4.00%,315.33
641672,Thomas Hatch,P,111.2,-1.00%,110.09
623168,Tyler Heineman,C,74.1,+1.00%,74.84
663855,Jordan Hicks,P,146.85,+2.00%,149.79
687462,Spencer Horwitz,1B,88.8,+2.00%,90.58
543351,Jay Jackson,P,134.7,+3.00%,138.74
643376,Danny Jansen,C,206.4,+4.00%,214.66
595281,Kevin Kiermaier,CF,155.5,+3.00%,160.16
672386,Alejandro Kirk,C,158.0,+1.00%,159.58
664770,Nathan Lukes,LF,59.6,-2.00%,58.41
656669,Jordan Luplow,LF,60.0,-5.00%,57.0
666201,Alek Manoah,P,125.35,+1.20%,126.85
641835,Tim Mayza,P,95.0,+1.10%,96.04
669200,Mason McCoy,SS,1.0,+0.00%,1.0
593160,Whit Merrifield,2B,203.6,+0.00%,203.6
641149,Wes Parsons,P,1.0,+1.20%,1.01
663878,Nate Pearson,P,121.85,-0.10%,121.73
647315,Zach Pop,P,99.25,-0.30%,98.95
670950,Trevor Richards,P,150.75,+0.00%,150.75
605447,Jordan Romano,P,95.0,+1.00%,95.95
547943,Hyun Jin Ryu,P,125.9,+0.30%,126.28
676914,Davis Schneider,LF,142.8,+2.50%,146.37
543807,George Springer,RF,254.4,+4.50%,265.85
657024,Erik Swanson,P,150.65,-2.50%,146.88
663423,Trent Thornton,P,129.95,-3.50%,125.4
662139,Daulton Varsho,CF,227.0,-0.50%,225.87
669952,Mitch White,P,86.15,-4.50%,82.27
660896,Jorge Alcala,P,99.25,-4.50%,94.78
666364,Jordan Balazovic,P,105.1,-3.00%,101.95
621439,Byron Buxton,CF,189.1,-2.50%,184.37
650489,Willi Castro,SS,156.1,+1.50%,158.44
621043,Carlos Correa,SS,224.0,-3.00%,217.28
592254,José De León,P,95.0,-5.00%,90.25
661395,Jhoan Duran,P,156.95,+3.00%,161.66
571657,Kyle Farmer,2B,177.8,+2.00%,181.36
571670,Dylan Floro,P,124.4,-2.00%,121.91
681892,Kody Funderburk,P,137.35,+1.00%,138.72
608336,Joey Gallo,1B,198.1,-4.00%,190.18
664247,Kyle Garlick,LF,67.7,+4.00%,70.41
624503,Nick Gordon,LF,69.8,-1.00%,69.1
543243,Sonny Gray,P,204.55,+4.00%,212.73
687396,Brent Headrick,P,104.65,+2.50%,107.27
643377,Griffin Jax,P,141.1,+4.00%,146.74
680777,Ryan Jeffers,C,195.8,+3.50%,202.65
666397,Edouard Julien,2B,195.9,+3.00%,201.78
596146,Max Kepler,RF,264.0,+4.50%,275.88
572971,Dallas Keuchel,P,99.25,+1.00%,100.24
666135,Alex Kirilloff,LF,177.0,+2.00%,180.54
663616,Trevor Larnach,LF,143.9,-2.00%,141.02
668904,Royce Lewis,3B,219.7,+5.00%,230.69
605347,Jorge López,P,114.55,+1.50%,116.27
641154,Pablo López,P,225.7,-2.50%,220.06
656669,Jordan Luplow,LF,60.0,-4.50%,57.3
628317,Kenta Maeda,P,163.95,-1.50%,161.49
641816,Tyler Mahle,P,127.2,+2.00%,129.74
669304,Jose Miranda,3B,91.3,+0.50%,91.76
663558,Jovani Moran,P,95.0,-5.00%,90.25
641927,Bailey Ober,P,184.45,+1.00%,186.29
661383,Oliver Ortega,P,110.9,-3.00%,107.57
663978,Chris Paddack,P,99.0,-4.00%,95.04
641941,Emilio Pagán,P,95.0,-4.00%,91.2
593871,Jorge Polanco,2B,194.5,-1.00%,192.56
605446,Dereck Rodríguez,P,21.95,-4.00%,21.07
657746,Joe Ryan,P,202.55,+1.00%,204.58
663485,Cole Sands,P,95.0,-5.00%,90.25
456781,Donovan Solano,3B,147.6,+3.00%,152.03
664057,Andrew Stevenson,CF,57.7,-2.00%,56.55
592779,Brock Stewart,P,144.65,+5.00%,151.88
572191,Michael A. Taylor,CF,222.0,+2.00%,226.44
573204,Caleb Thielbar,P,132.85,+4.00%,138.16
686973,Louie Varland,P,137.95,-3.00%,133.81
543877,Christian Vázquez,C,128.9,-1.00%,127.61
670242,Matt Wallner,RF,185.7,+2.00%,189.41
680739,Josh Winder,P,115.05,+0.50%,115.63
680573,Simeon Woods Richardson,P,61.5,-2.00%,60.27
621237,José Alvarado,P,150.1,+3.00%,154.6
571479,Andrew Bellatti,P,106.95,-1.00%,105.88
664761,Alec Bohm,3B,279.2,-0.50%,277.8
641401,Connor Brogdon,P,113.85,+1.00%,114.99
592206,Nick Castellanos,RF,332.6,+1.00%,335.93
666801,Rodolfo Castro,SS,117.3,-1.00%,116.13
595909,Jake Cave,RF,109.6,-1.00%,108.5
665019,Kody Clemens,1B,102.0,+2.00%,104.04
592229,Dylan Covey,P,115.95,+3.00%,119.43
622554,Seranthony Domínguez,P,127.1,+4.00%,132.18
656403,Drew Ellis,3B,79.1,+1.00%,79.89
663559,Bailey Falter,P,125.0,-2.00%,122.5
656495,Dalton Guthrie,LF,50.1,-4.00%,48.1
669742,Darick Hall,1B,58.1,-5.00%,55.2
547180,Bryce Harper,1B,264.9,+5.00%,278.14
543281,Josh Harrison,3B,60.0,-5.00%,57.0
656546,Jeff Hoffman,P,154.05,+1.00%,155.59
689147,Orion Kerkering,P,104.6,-4.00%,100.42
518886,Craig Kimbrel,P,159.9,+2.00%,163.1
547179,Michael Lorenzen,P,160.4,+3.00%,165.21
669016,Brandon Marsh,LF,203.1,+4.00%,211.22
628708,Yunior Marte,P,111.25,-5.00%,105.69
686842,McKinley Moore,P,1.0,-5.00%,0.95
656793,Nick Nelson,P,128.05,+1.00%,129.33
605400,Aaron Nola,P,205.7,+2.00%,209.81
656814,Luis F. Ortiz,P,112.0,-3.00%,108.64
665506,Cristian Pache,OF,92.4,-2.05%,90.51
674681,Michael Plassmeyer,P,1.0,-4.95%,0.95
592663,J.T. Realmuto,C,238.6,+0.45%,239.67
679032,Johan Rojas,CF,123.6,+1.25%,125.14
650911,Cristopher Sánchez,P,159.8,+2.30%,163.48
656941,Kyle Schwarber,DH,398.1,-0.60%,395.71
624641,Edmundo Sosa,SS,155.3,-0.15%,155.07
642397,Gregory Soto,P,136.6,-1.55%,134.48
681082,Bryson Stott,2B,221.0,+0.60%,222.33
621381,Matt Strahm,P,167.15,+2.95%,172.08
596117,Garrett Stubbs,C,78.2,-2.00%,76.64
624133,Ranger Suárez,P,160.2,+3.00%,165.01
607208,Trea Turner,SS,285.8,+5.00%,300.09
657272,Erich Uelmen,P,1.0,-5.00%,0.95
607755,Andrew Vasquez,P,126.15,+2.00%,128.67
592836,Taijuan Walker,P,170.9,+4.00%,177.74
554430,Zack Wheeler,P,216.35,+4.00%,225.0
642215,Weston Wilson,LF,100.9,-1.00%,99.89
660670,Ronald Acuña Jr.,RF,412.1,+4.00%,428.58
501303,Ehire Adrianza,3B,1.0,-5.00%,0.95
645277,Ozzie Albies,2B,358.0,-2.80%,347.98
663465,Kolby Allard,P,91.25,+0.00%,91.25
623433,Nick Anderson,P,130.7,+2.04%,133.37
606115,Orlando Arcia,SS,229.2,+1.15%,231.84
445926,Jesse Chavez,P,139.7,+4.92%,146.57
630023,Yonny Chirinos,P,121.7,-0.80%,120.73
518586,Charlie Culberson,1B,3000.0,+5.00%,3150.0
689266,Dylan Dodd,P,81.7,-0.59%,81.22
693821,Bryce Elder,P,169.35,+2.20%,173.08
608331,Max Fried,P,154.65,+3.10%,159.44
687093,Vaughn Grissom,2B,93.0,+1.50%,94.4
543272,Brad Hand,P,123.45,-2.00%,120.98
671739,Michael Harris II,CF,234.9,+3.00%,241.95
621294,Ben Heller,P,109.7,-4.00%,105.31
678226,Daysbel Hernández,P,67.2,-5.00%,63.84
656541,Sam Hilliard,LF,91.8,-2.00%,89.96
628452,Raisel Iglesias,P,146.45,+2.00%,149.38
641729,Joe Jiménez,P,148.3,-2.00%,145.33
572955,Pierce Johnson,P,95.0,-5.00%,90.25
669276,Dylan Lee,P,114.1,-1.00%,112.96
670032,Nicky Lopez,2B,60.0,-1.00%,59.4
476595,Lucas Luetge,P,85.6,+1.00%,86.46
543521,Collin McHugh,P,120.6,+5.00%,126.63
621345,A.J. Minter,P,148.4,+2.00%,151.37
450203,Charlie Morton,P,194.7,+4.00%,202.49
669221,Sean Murphy,C,248.3,-2.00%,243.33
621566,Matt Olson,1B,493.9,+5.00%,518.6
542303,Marcell Ozuna,DH,382.2,+3.00%,393.67
607680,Kevin Pillar,LF,145.4,-3.00%,141.04
663586,Austin Riley,3B,366.3,+1.00%,369.96
605446,Dereck Rodríguez,P,21.95,-4.50%,20.96
592696,Eddie Rosario,LF,255.5,+3.50%,264.44
669699,Braden Shewmake,SS,1.0,-5.00%,0.95
694363,Jared Shuster,P,105.95,+1.00%,107.01
700363,AJ Smith-Shawver,P,116.5,+2.00%,118.83
669256,Nick Solak,OF,1.0,-5.00%,0.95
647336,Michael Soroka,P,102.9,+0.50%,103.41
623451,Jackson Stephens,P,110.5,+2.50%,113.26
675911,Spencer Strider,P,249.4,+4.00%,259.38
543859,Michael Tonkin,P,144.3,+3.00%,148.63
644433,Chadwick Tromp,C,38.5,-2.50%,37.54
670241,Darius Vines,P,115.5,+4.50%,120.7
657088,Forrest Wall,LF,145.6,+4.50%,152.15
642201,Eli White,LF,21.3,-4.00%,20.45
663897,Luke Williams,LF,15.9,-5.00%,15.11
642216,Allan Winans,P,112.75,+2.50%,115.57
657140,Kyle Wright,P,95.35,+1.00%,96.3
489446,Kirby Yates,P,149.8,+4.50%,156.54
664849,Danny Young,P,128.5,+2.50%,131.71
518595,Travis d'Arnaud,C,161.5,+3.50%,167.15
593643,Hanser Alberto,3B,97.0,-1.70%,95.35
641313,Tim Anderson,SS,103.5,-0.50%,102.98
462101,Elvis Andrus,SS,149.3,+1.40%,151.39
621383,Tanner Banks,P,128.75,+0.30%,129.14
643217,Andrew Benintendi,LF,148.6,+0.90%,149.94
607481,Aaron Bummer,P,95.0,-4.70%,90.53
669394,Jake Burger,3B,325.0,+2.30%,332.47
656302,Dylan Cease,P,205.7,-0.70%,204.26
605182,Mike Clevinger,P,161.55,-1.20%,159.61
693049,Oscar Colás,RF,108.8,-2.30%,106.3
517008,Alex Colomé,P,87.6,-3.00%,84.97
676979,Garrett Crochet,P,98.85,+3.00%,101.82
686539,Declan Cronin,P,76.2,-5.00%,72.39
518617,Jake Diekman,P,138.9,+2.00%,141.68
640449,Clint Frazier,RF,62.1,+1.00%,62.72
665620,Deivi García,P,115.0,+4.00%,119.6
608337,Lucas Giolito,P,201.4,+1.00%,203.41
663853,Romy Gonzalez,2B,87.2,+2.00%,88.94
518735,Yasmani Grandal,C,143.2,+3.00%,147.5
608665,Kendall Graveman,P,95.0,-5.00%,90.25
571740,Billy Hamilton,RF,1.0,-5.00%,0.95
656514,Adam Haseley,RF,68.6,+2.00%,69.97
521230,Liam Hendriks,P,104.5,+3.00%,107.64
641703,Brent Honeywell,P,119.4,+5.00%,125.37
650391,Eloy Jiménez,DH,235.6,+5.00%,247.38
523260,Joe Kelly,P,135.6,+2.00%,138.31
656629,Michael Kopech,P,158.05,-5.00%,150.15
669424,Jimmy Lambert,P,111.8,-3.00%,108.45
686676,Korey Lee,C,31.1,-2.00%,30.48
625643,Reynaldo López,P,149.75,+4.00%,155.74
458681,Lance Lynn,P,189.05,+3.50%,195.67
545350,Jake Marisnick,CF,91.1,-3.40%,88.0
641871,Keynan Middleton,P,140.3,+2.10%,143.25
660162,Yoán Moncada,3B,173.0,+4.30%,180.44
571980,Tyler Naquin,LF,1.0,-5.00%,0.95
679346,Edgar Navarro,P,88.15,-2.90%,85.59
656820,Nicholas Padilla,P,81.25,-4.60%,77.51
672715,Luis Patiño,P,103.75,+1.40%,105.2
671111,Sammy Peralta,P,108.75,+3.80%,112.88
656024,Carlos Pérez,C,69.2,-1.30%,68.3
670990,Yohan Ramírez,P,117.15,-3.00%,113.64
682010,Lane Ramsey,P,95.75,-4.00%,91.92
621545,Zach Remillard,2B,98.6,+2.00%,100.57
673357,Luis Robert Jr.,CF,349.2,+5.00%,366.66
679563,José Rodríguez,SS,1.0,-5.00%,0.95
614179,José Ruiz,P,95.0,-5.00%,90.25
666619,Gregory Santos,P,140.05,+4.00%,145.65
669947,Jesse Scholtens,P,121.95,+3.00%,125.61
543766,Bryan Shaw,P,124.7,+1.00%,125.95
657757,Gavin Sheets,1B,153.9,-2.00%,150.82
672820,Lenyn Sosa,3B,104.3,-0.50%,103.78
572204,Trayce Thompson,RF,95.9,+1.00%,96.86
657053,Touki Toussaint,P,138.65,+1.00%,140.04
570632,José Ureña,P,100.05,-1.00%,99.05
683734,Andrew Vaughn,1B,262.4,+1.50%,266.34
664874,Seby Zavala,C,104.3,+0.50%,104.82
645261,Sandy Alcantara,P,180.6,+1.50%,183.31
676070,Jacob Amaya,SS,68.6,-2.00%,67.23
650333,Luis Arraez,1B,225.2,+2.00%,229.7
598264,Matt Barnes,P,99.8,-0.50%,99.3
605137,Josh Bell,1B,258.1,-1.50%,254.23
542932,Jon Berti,3B,156.2,-0.10%,156.04
605151,Archie Bradley,P,54.65,-3.90%,52.52
623211,Huascar Brazobán,P,133.2,+1.30%,134.93
680814,Peyton Burdick,CF,61.6,-3.50%,59.44
669394,Jake Burger,3B,325.0,+0.40%,326.3
665795,Edward Cabrera,P,159.0,+1.60%,161.54
641447,Daniel Castano,P,1.0,-3.90%,0.96
608638,JT Chargois,P,124.45,+0.50%,125.07
665862,Jazz Chisholm Jr.,3B,221.0,-0.80%,219.23
643265,Garrett Cooper,1B,221.3,+1.70%,225.06
456501,Johnny Cueto,P,114.2,-1.40%,112.6
641505,Jonathan Davis,CF,93.2,-0.80%,92.45
646241,Enmanuel De Jesus,P,54.65,-3.80%,52.57
650559,Bryan De La Cruz,OF,250.1,+1.50%,253.85
669364,Xavier Edwards,SS,91.5,+0.30%,91.77
571670,Dylan Floro,P,124.4,+0.50%,125.02
663743,Nick Fortes,C,117.2,-1.10%,115.91
541645,Avisaíl García,RF,82.5,-2.30%,80.6
676395,Robert Garcia,P,124.4,+0.90%,125.52
666129,Braxton Garrett,P,186.7,-2.00%,182.97
592346,Chi Chi González,P,71.1,-4.00%,68.26
493329,Yuli Gurriel,1B,120.5,+2.00%,122.91
641658,Garrett Hampson,SS,120.8,+1.00%,122.01
664129,Geoff Hartlieb,P,115.25,-1.00%,114.1
663773,Bryan Hoeing,P,121.9,-3.00%,118.24
689167,Jeff Lindgren,P,102.0,-3.00%,98.94
605347,Jorge López,P,114.55,-3.00%,111.11
666200,Jesús Luzardo,P,211.9,+5.00%,222.5
519043,Matt Moore,P,144.0,+3.00%,148.32
667472,Dane Myers,RF,94.7,+2.00%,96.59
677053,Andrew Nardi,P,150.15,+3.00%,154.65
543594,Sean Nolin,P,1.0,-5.00%,0.95
595345,Steven Okert,P,139.05,+1.00%,140.44
691587,Eury Pérez,P,165.65,+4.00%,172.28
640462,A.J. Puk,P,145.55,+2.00%,148.46
629498,Johan Quezada,P,1.0,-5.00%,0.95
502085,David Robertson,P,150.05,+3.00%,154.55
669432,Trevor Rogers,P,115.1,+1.00%,116.25
660821,Jesús Sánchez,RF,197.9,+2.00%,201.86
656945,Tanner Scott,P,170.65,-3.00%,165.53
516416,Jean Segura,2B,101.7,-1.00%,100.68
656970,Devin Smeltzer,P,96.15,-4.00%,92.3
624585,Jorge Soler,RF,330.0,+3.00%,339.9
666277,George Soriano,P,130.35,-2.00%,127.74
607732,Jacob Stallings,C,92.3,-3.00%,89.53
677960,Ryan Weathers,P,105.15,-3.00%,102.0
621563,Joey Wendle,2B,93.6,-2.00%,91.73
656061,Albert Abreu,P,127.45,-2.00%,124.9
656185,Greg Allen,CF,71.1,+1.00%,71.81
664056,Harrison Bader,CF,144.6,-2.00%,141.71
641343,Jake Bauers,1B,150.6,+3.00%,155.12
621199,Matt Bowman,P,66.5,-5.00%,63.17
605155,Colten Brewer,P,108.8,-1.00%,107.71
666745,Jhony Brito,P,140.2,+5.00%,147.21
665828,Oswaldo Cabrera,3B,117.3,-4.00%,112.61
641432,Willie Calhoun,1B,112.7,+2.00%,114.95
543037,Gerrit Cole,P,228.25,+4.00%,237.38
614173,Franchy Cordero,OF,99.4,-3.00%,96.42
622772,Jimmy Cordero,P,126.3,+1.00%,127.56
641482,Nestor Cortes,P,133.65,+5.00%,140.33
691176,Jasson Domínguez,LF,104.4,+5.00%,109.62
518626,Josh Donaldson,3B,136.6,-5.00%,129.77
664314,Estevan Florial,LF,77.0,-5.00%,73.15
665620,Deivi García,P,115.0,+5.00%,120.75
593334,Domingo Germán,P,162.6,+5.00%,170.73
672782,Yoendrys Gómez,P,142.0,+5.00%,149.1
641656,Ian Hamilton,P,146.9,+5.00%,154.25
543305,Aaron Hicks,RF,151.9,+5.00%,159.5
543309,Kyle Higashioka,C,154.8,+5.00%,162.54
605280,Clay Holmes,P,147.8,+4.50%,154.45
592450,Aaron Judge,CF,340.1,+5.00%,357.11
592454,Tommy Kahnle,P,138.5,-2.50%,135.04
643396,Isiah Kiner-Falefa,2B,139.6,-1.00%,138.2
650633,Michael King,P,176.75,+3.00%,182.05
640454,Matt Krook,P,1.0,-4.50%,0.95
518934,DJ LeMahieu,3B,191.9,+0.50%,192.86
642528,Jonathan Loáisiga,P,120.7,-3.00%,117.08
676760,Ron Marinaccio,P,131.85,+1.00%,133.17
502083,Zach McAllister,P,60.65,-5.00%,57.62
641856,Billy McKinney,LF,112.1,+2.50%,114.9
641871,Keynan Middleton,P,140.3,+4.50%,146.61
664948,Anthony Misiewicz,P,75.4,-4.50%,72.01
593423,Frankie Montas,P,105.5,+5.00%,110.78
593974,Wandy Peralta,P,136.95,+4.00%,142.43
672724,Oswald Peraza,3B,81.3,+0.00%,81.3
677592,Everson Pereira,CF,55.3,-2.50%,53.92
598286,Nick Ramirez,P,126.1,+3.50%,130.51
519203,Anthony Rizzo,1B,174.2,+4.50%,182.04
607074,Carlos Rodón,P,118.75,-5.00%,112.81
666163,Ben Rortvedt,C,49.4,-1.00%,48.91
657376,Clarke Schmidt,P,174.3,+3.00%,179.53
622663,Luis Severino,P,123.25,-4.00%,118.32
519317,Giancarlo Stanton,DH,237.3,+4.00%,246.79
650402,Gleyber Torres,2B,274.9,+5.00%,288.64
624431,Jose Trevino,C,98.0,-2.00%,96.04
681190,Randy Vásquez,P,126.75,+1.00%,128.02
683011,Anthony Volpe,SS,227.7,+2.00%,232.25
596133,Luke Weaver,P,140.9,-3.00%,136.67
543901,Ryan Weber,P,112.6,-5.00%,106.97
669711,Greg Weissert,P,111.75,+2.00%,113.98
669224,Austin Wells,C,101.7,+4.00%,105.77
642715,Willy Adames,SS,265.1,-2.00%,259.8
605119,Brian Anderson,RF,152.8,-1.00%,151.27
677076,Clayton Andrews,P,1.0,-5.00%,0.95
676961,Caleb Boushley,P,107.4,+3.00%,110.62
670712,Mike Brosseau,3B,60.0,+1.00%,60.6
656266,J.B. Bukauskas,P,121.25,+3.00%,124.89
669203,Corbin Burnes,P,211.65,-3.00%,205.3
456713,Matt Bush,P,74.1,-4.00%,71.14
592192,Mark Canha,LF,195.6,-1.00%,193.64
605170,Victor Caratini,C,137.7,+0.00%,137.7
605177,Andrew Chafin,P,129.45,+2.00%,132.04
592222,Alex Claudio,P,30.0,-5.00%,28.5
661388,William Contreras,C,249.7,+3.00%,257.19
664776,Jake Cousins,P,86.6,-4.00%,83.14
518626,Josh Donaldson,3B,136.6,-3.00%,132.5
686217,Sal Frelick,RF,112.8,+1.00%,113.93
642770,Javy Guerra,P,86.35,-2.00%,84.62
605288,Adrian Houser,P,149.6,+5.00%,157.08
663330,Jahmai Jones,CF,63.0,-2.00%,61.74
676083,Janson Junk,P,100.75,-3.00%,97.73
641778,Eric Lauer,P,105.3,-4.00%,101.09
656730,Trevor Megill,P,130.65,+4.00%,135.88
650496,J.C. Mejía,P,96.9,-1.00%,95.93
489119,Wade Miley,P,151.0,+5.00%,158.55
680911,Owen Miller,1B,130.3,+3.00%,134.21
668338,Tyson Miller,P,106.7,-2.00%,104.57
571948,Hoby Milner,P,151.2,+5.00%,158.76
669003,Garrett Mitchell,CF,95.8,+1.00%,96.76
655316,Andruw Monasterio,3B,119.7,+3.42%,123.79
623381,Thomas Pannone,P,73.25,-4.59%,69.89
606303,Joel Payamps,P,154.75,+2.96%,159.33
665625,Elvis Peguero,P,135.7,+0.58%,136.49
642547,Freddy Peralta,P,213.3,+1.54%,216.58
663368,Blake Perkins,CF,105.1,-2.54%,102.43
607067,Colin Rea,P,158.45,-0.81%,157.17
573131,Darin Ruf,DH,70.2,-4.43%,67.09
467793,Carlos Santana,1B,273.0,+3.95%,283.78
572138,Jon Singleton,1B,71.5,-4.48%,68.3
663629,Ethan Small,P,41.75,+0.00%,41.75
656986,Bennett Sousa,P,117.2,+0.00%,117.2
657265,Peter Strzelecki,P,122.2,+0.00%,122.2
606132,Raimel Tapia,RF,98.8,+0.00%,98.8
621438,Tyrone Taylor,RF,155.2,+0.00%,155.2
527054,Julio Teheran,P,130.4,+0.00%,130.4
642133,Rowdy Tellez,1B,60.0,+0.00%,60.0
647351,Abraham Toro,3B,152.2,+0.00%,152.2
668930,Brice Turang,2B,129.4,+0.00%,129.4
649966,Luis Urías,3B,91.2,+0.00%,91.2
682842,Abner Uribe,P,137.3,+4.00%,142.79
681402,Gus Varland,P,84.6,-2.00%,82.91
600986,Thyago Vieira,P,144.4,+5.00%,151.62
572228,Luke Voit,1B,70.3,-1.00%,69.6
686894,Joey Wiemer,LF,168.2,+0.00%,168.2
642207,Devin Williams,P,167.45,+2.00%,170.8
669060,Bryse Wilson,P,146.2,+1.00%,147.66
608385,Jesse Winker,LF,87.7,-3.00%,85.07
605540,Brandon Woodruff,P,159.2,-1.00%,157.61
592885,Christian Yelich,LF,254.4,+3.00%,262.03
677941,Jordyn Adams,RF,39.4,+3.00%,40.58
666176,Jo Adell,RF,83.1,+4.00%,86.42
542881,Tyler Anderson,P,152.55,+2.00%,155.6
696147,Sam Bachman,P,108.1,+1.00%,109.18
642545,Jaime Barria,P,123.2,-2.00%,120.74
663550,Trey Cabbage,RF,74.4,+3.00%,76.63
680983,Kelvin Caceres,P,56.75,-5.00%,53.91
656288,Griffin Canning,P,173.1,+2.00%,176.56
543068,C.J. Cron,1B,171.4,+3.00%,176.54
669721,Davis Daniel,P,117.55,+1.00%,118.73
656353,Tucker Davidson,P,110.8,+4.50%,115.79
672282,Reid Detmers,P,184.6,+4.50%,192.91
606965,Chris Devenski,P,126.5,+3.00%,130.3
646242,Jhonathan Díaz,P,43.35,-5.00%,41.18
592273,Brandon Drury,3B,291.6,+3.50%,301.81
500871,Eduardo Escobar,3B,60.0,+0.00%,60.0
608032,Carlos Estévez,P,139.7,+3.00%,143.89
664058,David Fletcher,2B,96.1,+1.50%,97.54
608334,Carson Fulmer,P,119.5,+4.00%,124.28
608337,Lucas Giolito,P,201.4,+3.50%,208.45
545341,Randal Grichuk,RF,204.1,+3.20%,210.63
623474,Jimmy Herget,P,111.5,+1.10%,112.73
688427,Kolton Ingram,P,62.5,-2.10%,61.19
690829,Ben Joyce,P,92.0,+0.00%,92.0
571875,Jake Lamb,1B,79.8,-1.70%,78.44
608678,Dominic Leone,P,125.05,+1.30%,126.68
625643,Reynaldo López,P,149.75,+2.30%,153.19
571901,Aaron Loup,P,107.0,-0.90%,106.04
665896,José Marte,P,65.1,-2.30%,63.6
682989,Victor Mederos,P,53.1,-2.70%,51.67
666160,Mickey Moniak,CF,199.0,-5.00%,189.05
519043,Matt Moore,P,144.0,+5.00%,151.2
606625,Reyes Moronta,P,12.25,-4.00%,11.76
519058,Mike Moustakas,1B,182.1,+4.00%,189.38
687263,Zach Neto,SS,146.5,-3.00%,142.1
681351,Logan O'Hoppe,C,169.8,-1.00%,168.1
660271,Shohei Ohtani,TWP,60.0,+5.00%,63.0
608360,Chris Okey,C,1.0,-5.00%,0.95
656821,Kevin Padlo,3B,37.5,-5.00%,35.62
677347,Kyren Paris,2B,31.0,-5.00%,29.45
621433,Brett Phillips,P,30.0,-1.00%,29.7
650671,José Quijada,P,99.6,-4.00%,95.62
543685,Anthony Rendon,3B,102.8,+5.00%,107.94
592669,Hunter Renfroe,RF,229.9,+5.00%,241.4
650859,Luis Rengifo,3B,210.2,+4.00%,218.61
622103,Gerardo Reyes,P,82.55,-2.00%,80.9
670046,Kenny Rosenberg,P,115.8,+3.00%,119.27
663776,Patrick Sandoval,P,163.25,+2.00%,166.52
694384,Nolan Schanuel,1B,93.5,-3.00%,90.69
681217,Chase Silseth,P,132.6,+1.00%,133.93
667755,José Soriano,P,133.2,-4.00%,127.87
670869,Livan Soto,SS,66.6,-4.00%,63.94
683021,Michael Stefanic,2B,93.0,+4.00%,96.72
660761,José Suarez,P,83.35,-5.00%,79.18
572193,Ryan Tepera,P,76.35,-4.00%,73.3
642136,Matt Thaiss,C,140.2,+5.00%,147.21
545361,Mike Trout,CF,212.9,+4.00%,221.42
570482,Gio Urshela,3B,123.7,+4.00%,128.65
623205,Andrew Velazquez,SS,64.9,-4.00%,62.3
595453,Chad Wallach,C,109.1,+4.00%,113.46
665120,Jared Walsh,1B,68.5,+0.00%,68.5
681806,Andrew Wantz,P,125.25,+4.00%,130.26
621493,Taylor Ward,LF,192.9,+0.00%,192.9
681810,Austin Warren,P,100.0,-5.00%,95.0
657097,Jacob Webb,P,134.25,+0.00%,134.25
592848,Zack Weiss,P,120.05,+3.00%,123.65
613534,Austin Adams,P,104.85,-2.00%,102.75
605113,Nick Ahmed,SS,90.6,-3.00%,87.88
518516,Madison Bumgarner,P,55.7,-5.00%,52.91
686527,Dominic Canzone,RF,117.0,+1.00%,118.17
682998,Corbin Carroll,CF,286.5,+5.00%,300.82
660636,Diego A. Castillo,SS,1.0,-5.00%,0.95
612434,Miguel Castro,P,95.0,-5.00%,90.25
677944,Slade Cecconi,P,115.35,+0.00%,115.35
605177,Andrew Chafin,P,129.45,+0.00%,129.45
622503,Nabil Crismatt,P,74.45,-5.00%,70.73
605200,Zach Davies,P,117.8,-5.00%,111.91
666150,Dominic Fletcher,RF,114.3,+2.00%,116.59
666818,Luis Frías,P,95.0,-5.00%,90.25
668678,Zac Gallen,P,220.25,+5.00%,231.26
656457,Tyler Gilbert,P,103.55,-5.00%,98.37
656464,Kevin Ginkel,P,153.0,+3.00%,157.59
666971,Lourdes Gurriel Jr.,LF,280.3,+4.00%,291.51
674072,Tommy Henry,P,134.05,-3.00%,130.03
645444,Jose Herrera,C,69.4,-4.00%,66.62
686753,Drey Jameson,P,123.3,-2.00%,120.83
686826,Bryce Jarvis,P,95.0,-5.00%,90.25
608348,Carson Kelly,C,84.8,-4.00%,81.41
518876,Merrill Kelly,P,203.25,+2.00%,207.31
671083,Buddy Kennedy,2B,51.1,-4.00%,49.06
691783,Jordan Lawlar,SS,38.7,-4.50%,36.96
641786,Kyle Lewis,OF,54.1,-4.00%,51.94
446334,Evan Longoria,3B,149.9,-3.20%,145.1
573009,Joe Mantiply,P,118.3,-2.10%,115.82
606466,Ketel Marte,2B,289.8,-1.10%,286.61
679885,Justin Martinez,P,46.0,-4.00%,44.16
664983,Jake McCarthy,CF,98.9,-0.70%,98.21
543518,Scott McGough,P,143.75,-1.80%,141.16
664948,Anthony Misiewicz,P,75.4,-3.40%,72.84
672515,Gabriel Moreno,C,170.2,-1.90%,166.97
669459,Kyle Nelson,P,95.0,-5.00%,90.25
669194,Ryne Nelson,P,143.05,+5.00%,150.2
672695,Geraldo Perdomo,SS,150.8,-2.00%,147.78
607054,Jace Peterson,SS,130.3,-3.00%,126.39
694297,Brandon Pfaadt,P,140.2,-4.00%,134.59
502054,Tommy Pham,CF,224.8,+4.00%,233.79
656896,Emmanuel Rivera,3B,127.3,-1.00%,126.03
668942,Josh Rojas,3B,60.0,-5.00%,57.0
614179,José Ruiz,P,95.0,-5.00%,90.25
685314,Andrew Saalfrank,P,131.8,+3.00%,135.75
623149,Paul Sewald,P,151.4,+4.00%,157.46
656976,Pavin Smith,LF,121.4,-2.00%,118.97
656981,Peter Solomon,P,50.25,-3.00%,48.74
657265,Peter Strzelecki,P,122.2,+1.00%,123.42
642121,Cole Sulser,P,88.25,-1.00%,87.37
677950,Alek Thomas,CF,153.0,+3.00%,157.59
657044,Ryan Thompson,P,123.2,+2.00%,125.66
672841,Carlos Vargas,P,85.95,+0.00%,85.95
572233,Christian Walker,1B,345.4,+5.00%,362.67
664874,Seby Zavala,C,104.3,-2.00%,102.21
669211,Keegan Akin,P,93.85,-1.00%,92.91
641329,Bryan Baker,P,95.0,-5.00%,90.25
657508,Mike Baumann,P,135.5,+4.00%,140.92
642585,Félix Bautista,P,179.2,+5.00%,188.16
660825,Eduard Bazardo,P,111.2,-3.00%,107.86
621532,Anthony Bemboom,C,54.6,-2.00%,53.51
666974,Yennier Cano,P,95.0,-5.00%,90.25
543056,Danny Coulombe,P,95.0,-5.00%,90.25
681297,Colton Cowser,LF,38.5,-4.00%,36.96
656427,Jack Flaherty,P,167.45,-0.50%,166.61
624428,Adam Frazier,2B,197.0,+1.00%,198.97
660261,Shintaro Fujinami,P,95.0,-5.00%,90.25
657585,Reed Garrett,P,96.55,+2.00%,98.48
502043,Kyle Gibson,P,95.0,-5.00%,90.25
670810,Logan Gillaspie,P,81.8,-4.00%,78.53
571710,Mychal Givens,P,44.75,-4.00%,42.96
669084,DL Hall,P,121.4,+4.00%,126.26
669720,Austin Hays,LF,229.5,+5.00%,240.98
683002,Gunnar Henderson,SS,298.5,+5.00%,313.43
543305,Aaron Hicks,RF,151.9,+1.00%,153.42
608344,Cole Irvin,P,136.3,-1.37%,134.43
677008,Heston Kjerstad,LF,82.9,+2.61%,85.06
656627,Mark Kolozsvary,C,1.0,-5.00%,0.95
607216,Joey Krehbiel,P,127.5,+3.29%,131.69
665152,Dean Kremer,P,181.7,-0.55%,180.7
623507,Josh Lester,1B,58.6,-3.58%,56.5
605347,Jorge López,P,114.55,-3.29%,110.78
622761,Jorge Mateo,2B,134.1,+0.32%,134.53
543510,James McCann,C,60.0,-4.50%,57.3
663630,Ryan McKenna,RF,104.2,+1.01%,105.25
607644,John Means,P,127.3,-2.50%,124.12
663624,Ryan Mountcastle,1B,239.0,+4.00%,248.56
656775,Cedric Mullins,CF,218.9,+0.00%,218.9
656811,Ryan O'Hearn,1B,216.7,+3.50%,224.28
687401,Joey Ortiz,3B,67.6,-4.50%,64.56
672335,Cionel Pérez,P,95.0,-4.50%,90.72
680570,Grayson Rodriguez,P,165.95,+0.00%,165.95
668939,Adley Rutschman,C,263.1,+4.50%,274.94
623993,Anthony Santander,RF,312.1,+5.00%,327.71
669065,Kyle Stowers,LF,20.1,-4.50%,19.2
602104,Ramón Urías,3B,141.2,+4.00%,146.85
681808,Chris Vallimont,P,120.5,-1.50%,118.69
679631,Terrin Vavra,2B,78.5,-3.00%,76.14
663989,Nick Vespi,P,108.4,+1.50%,110.03
608723,Austin Voth,P,109.85,-0.50%,109.3
657097,Jacob Webb,P,134.25,+3.50%,138.95
669330,Tyler Wells,P,170.5,+4.50%,178.17
676059,Jordan Westburg,3B,116.0,+2.00%,118.32
669145,Bruce Zimmermann,P,107.75,-0.50%,107.21
677800,Wilyer Abreu,RF,118.8,+4.20%,123.79
595751,Jorge Alfaro,C,52.8,+4.10%,54.96
624414,Christian Arroyo,2B,111.3,+5.00%,116.86
607457,Kyle Barraclough,P,35.25,-4.90%,33.52
678394,Brayan Bello,P,168.0,+3.60%,174.05
657514,Brennan Bernardino,P,137.0,+2.50%,140.42
542947,Richard Bleier,P,104.2,+0.00%,104.2
518489,Ryan Brasier,P,142.5,+1.20%,144.21
671213,Triston Casas,1B,263.9,+5.00%,277.09
644374,Yu Chang,2B,96.6,+0.80%,97.37
676710,Kutter Crawford,P,95.0,-5.00%,90.25
666915,Bobby Dalbec,1B,67.2,+1.50%,68.21
571616,Matt Dermody,P,91.75,-4.50%,87.62
646240,Rafael Devers,3B,346.3,+0.50%,348.03
680776,Jarren Duran,CF,168.5,+1.00%,170.19
594807,Adam Duvall,LF,237.1,+0.50%,238.29
607188,Jake Faria,P,1.0,-5.00%,0.95
621057,Justin Garza,P,84.7,-1.00%,83.85
643348,Caleb Hamilton,C,1.0,-4.50%,0.95
666152,David Hamilton,SS,36.3,-3.00%,35.21
571771,Enrique Hernández,CF,187.1,+2.00%,190.84
656557,Tanner Houck,P,147.05,-4.00%,141.17
682175,Joe Jacques,P,103.1,-1.00%,102.07
445276,Kenley Jansen,P,132.25,+3.00%,136.22
677161,Zack Kelly,P,101.5,-2.00%,99.47
446372,Corey Kluber,P,103.0,-5.00%,97.85
659275,Dinelson Lamet,P,60.45,-3.00%,58.64
641793,Zack Littell,P,142.9,+1.00%,144.33
661440,Mauricio Llovera,P,110.85,+2.00%,113.07
455119,Chris Martin,P,95.0,+4.00%,98.8
624512,Reese McGuire,C,101.1,+5.00%,106.16
669684,Chris Murphy,P,121.75,-3.20%,117.85
672391,Kaleb Ort,P,99.3,-4.80%,94.53
572020,James Paxton,P,151.8,+3.50%,157.11
601713,Nick Pivetta,P,95.0,-5.00%,90.25
678882,Ceddanne Rafaela,SS,87.3,+2.10%,89.13
608701,Rob Refsnyder,LF,107.4,+1.70%,109.23
622569,Pablo Reyes,2B,60.0,+0.00%,60.0
687798,Nick Robertson,P,97.8,-3.80%,94.08
570257,Joely Rodríguez,P,89.65,-4.10%,85.97
519242,Chris Sale,P,168.4,+3.70%,174.63
670167,John Schreiber,P,95.0,-2.00%,93.1
605463,Tayler Scott,P,93.1,-4.00%,89.38
595411,Ryan Sherriff,P,115.0,-2.00%,112.7
596115,Trevor Story,SS,89.9,-2.00%,88.1
606132,Raimel Tapia,RF,98.8,-2.00%,96.82
457759,Justin Turner,3B,293.8,+2.00%,299.68
649966,Luis Urías,3B,91.2,-2.00%,89.38
665839,Enmanuel Valdez,2B,128.8,+0.00%,128.8
657077,Alex Verdugo,LF,198.2,+0.00%,198.2
687888,Brandon Walter,P,92.7,-2.00%,90.85
592848,Zack Weiss,P,120.05,+3.90%,124.73
676477,Garrett Whitlock,P,95.0,-1.50%,93.58
670174,Josh Winckowski,P,148.2,+2.60%,152.05
657136,Connor Wong,C,151.5,+1.70%,154.08
807799,Masataka Yoshida,LF,233.7,+3.50%,241.88
640470,Adbert Alzolay,P,149.75,+1.80%,152.45
665804,Miguel Amaya,C,107.2,-1.40%,105.7
665871,Javier Assad,P,157.15,+2.80%,161.55
571466,Tucker Barnhart,C,60.0,-2.10%,58.74
641355,Cody Bellinger,CF,319.1,+4.80%,334.42
502202,Brad Boxberger,P,107.75,-4.00%,103.44
595897,Nick Burdi,P,67.0,-3.50%,64.66
672744,Alexander Canario,LF,99.2,+3.00%,102.18
600869,Jeimer Candelario,3B,255.3,+4.00%,265.51
691718,Pete Crow-Armstrong,CF,1.0,-4.50%,0.95
621016,Jose Cuas,P,135.55,+2.50%,138.94
608648,Tyler Duffey,P,119.0,-1.00%,117.81
669093,Jeremiah Estrada,P,77.75,-2.50%,75.81
605242,Michael Fulmer,P,95.0,-5.00%,90.25
543228,Yan Gomes,C,193.1,+3.50%,199.86
572888,Shane Greene,P,124.9,+3.00%,128.65
664023,Ian Happ,LF,263.4,+4.00%,273.94
543294,Kyle Hendricks,P,153.8,-2.00%,150.72
663538,Nico Hoerner,2B,197.9,+0.00%,197.9
543333,Eric Hosmer,1B,94.2,-4.00%,90.43
676714,Brandon Hughes,P,90.1,-1.00%,89.2
641743,Anthony Kay,P,95.0,-5.00%,90.25
668873,Caleb Kilian,P,11.9,-4.00%,11.42
643410,Mark Leiter Jr.,P,148.6,+1.00%,150.09
681432,Luke Little,P,129.0,+1.00%,130.29
663611,Nick Madrigal,3B,116.9,+0.50%,117.48
641820,Trey Mancini,1B,118.2,+1.50%,119.97
670156,Miles Mastrobuoni,SS,82.3,-0.50%,81.89
657240,Julian Merryweather,P,95.0,-5.00%,90.25
670223,Matt Mervis,1B,76.1,-2.50%,74.2
666624,Christopher Morel,3B,274.1,+3.00%,282.32
694037,Daniel Palencia,P,118.85,+2.50%,121.82
621458,Edwin Ríos,1B,28.3,-4.00%,27.17
621074,Michael Rucker,P,95.0,-5.00%,90.25
592767,Drew Smyly,P,166.9,+3.00%,171.91
657006,Justin Steele,P,199.3,+4.00%,207.27
573186,Marcus Stroman,P,164.55,-1.00%,162.9
673548,Seiya Suzuki,RF,259.5,+2.00%,264.69
621020,Dansby Swanson,SS,263.2,+2.00%,268.46
592791,Jameson Taillon,P,170.2,-5.00%,161.69
643565,Mike Tauchman,RF,163.6,-2.00%,160.33
624522,Keegan Thompson,P,112.25,-3.00%,108.88
620443,Luis Torrens,C,79.0,-3.00%,76.63
676369,Nelson Velázquez,RF,189.5,+2.00%,193.29
669713,Hayden Wesneski,P,95.0,-4.00%,91.2
696136,Jordan Wicks,P,114.55,+4.00%,119.13
621550,Patrick Wisdom,1B,222.5,+3.00%,229.18
676724,Jared Young,1B,73.8,-1.00%,73.06
671096,Andrew Abbott,P,164.25,+5.00%,172.46
622088,Tejay Antone,P,127.95,+3.00%,131.79
668933,Graham Ashcraft,P,154.3,-2.00%,151.21
664056,Harrison Bader,CF,144.6,+1.00%,146.05
676480,Jose Barrero,SS,92.4,+0.00%,92.4
666181,Will Benson,LF,168.5,+2.00%,171.87
611093,Silvino Bracho,P,104.6,-5.00%,99.37
641427,Alan Busenitz,P,113.85,-5.00%,108.16
592200,Curt Casali,C,58.5,+1.00%,59.09
570666,Luis Cessa,P,65.9,+3.00%,67.88
518585,Fernando Cruz,P,150.25,+4.00%,156.26
682829,Elly De La Cruz,SS,179.5,+5.00%,188.47
664747,Alexis Díaz,P,153.85,+2.00%,156.93
650960,Daniel Duarte,P,95.0,+1.00%,95.95
687952,Christian Encarnacion-Strand,1B,183.0,+5.00%,192.15
656413,Stuart Fairchild,CF,121.4,+3.00%,125.04
571656,Buck Farmer,P,95.0,+1.00%,95.95
641584,Jake Fraley,RF,216.8,+3.00%,223.3
670770,TJ Friedl,CF,239.7,+4.00%,249.29
664139,Ian Gibaut,P,95.0,+0.00%,95.0
668881,Hunter Greene,P,173.5,+2.00%,176.97
643361,Kevin Herget,P,104.2,+0.00%,104.2
686759,TJ Hopkins,CF,52.3,+1.00%,52.82
663697,Jonathan India,2B,219.2,+3.00%,225.78
676689,Ricky Karcher,P,130.0,+2.00%,132.6
664028,Brett Kennedy,P,93.2,+0.00%,93.2
669270,Joel Kuhnel,P,91.4,+0.00%,91.4
571882,Derek Law,P,95.0,-5.00%,90.25
668984,Casey Legumina,P,87.7,+4.00%,91.21
594902,Ben Lively,P,135.4,+2.00%,138.11
666157,Nick Lodolo,P,107.05,-1.00%,105.98
664670,Alejo Lopez,2B,151.0,+5.00%,158.55
571912,Luke Maile,C,60.0,-5.00%,57.0
592527,Michael Mariot,P,96.5,+3.00%,99.39
682622,Noelvi Marte,3B,124.8,+4.00%,129.79
605361,Nick Martini,1B,125.2,+3.00%,128.96
680574,Matt McLain,SS,217.0,+5.00%,227.85
621219,Alec Mills,P,1.0,-5.00%,0.95
594580,Sam Moll,P,144.05,+5.00%,151.25
571976,Wil Myers,RF,83.7,+3.00%,86.21
621028,Kevin Newman,SS,118.9,+1.00%,120.09
656818,Connor Overton,P,50.05,-4.00%,48.05
683175,Connor Phillips,P,98.15,-2.00%,96.19
592656,Henry Ramos,RF,77.9,-1.00%,77.12
592669,Hunter Renfroe,RF,229.9,+5.00%,241.4
608703,Matt Reynolds,2B,60.0,-5.00%,57.0
680689,Lyon Richardson,P,74.4,-3.00%,72.17
674285,Eduardo Salazar,P,78.35,-0.51%,77.95
665665,Reiver Sanmartin,P,82.55,+2.59%,84.69
663574,Tony Santillan,P,83.0,+0.64%,83.53
669222,Nick Senzel,3B,177.8,+2.76%,182.71
592741,Chasen Shreve,P,122.55,+3.03%,126.26
672279,Michael Siani,CF,1.0,-2.97%,0.97
608371,Lucas Sims,P,95.0,-3.95%,91.25
686730,Carson Spiers,P,95.0,-4.38%,90.84
668715,Spencer Steer,LF,282.3,+3.18%,291.28
663886,Tyler Stephenson,C,193.9,+2.89%,199.5
686651,Levi Stoudt,P,60.2,+0.00%,60.2
613564,Jason Vosler,1B,73.3,+0.00%,73.3
458015,Joey Votto,1B,168.6,+0.00%,168.6
596133,Luke Weaver,P,140.9,+0.00%,140.9
682227,Brandon Williamson,P,151.1,+0.00%,151.1
673858,Jake Wong,P,45.0,+0.00%,45.0
691094,Randy Wynne,P,96.5,+0.00%,96.5
622065,Alex Young,P,128.5,+0.00%,128.5
671106,Logan Allen,P,162.45,+0.00%,162.45
672356,Gabriel Arias,3B,139.0,+0.00%,139.0
685410,Peyton Battenfield,P,110.95,-4.90%,105.51
605137,Josh Bell,1B,258.1,+4.40%,269.46
676440,Tanner Bibee,P,182.0,+2.60%,186.73
669456,Shane Bieber,P,159.9,+0.50%,160.7
686823,Will Brennan,RF,145.8,-3.10%,141.28
594777,Kole Calhoun,RF,120.1,-2.80%,116.74
650644,Aaron Civale,P,167.5,+0.20%,167.84
661403,Emmanuel Clase,P,142.7,+1.80%,145.27
641470,Zack Collins,C,150.0,-4.60%,143.1
675540,Xzavion Curry,P,136.15,-0.50%,135.47
660853,Enyel De Los Santos,P,141.75,-5.00%,134.66
671289,Tyler Freeman,CF,110.6,+2.00%,112.81
681807,David Fry,1B,106.4,+3.00%,109.59
683769,Hunter Gaddis,P,113.3,-4.00%,108.77
595956,Cam Gallagher,C,44.8,-5.00%,42.56
665926,Andrés Giménez,2B,212.3,+5.00%,222.92
608337,Lucas Giolito,P,201.4,-3.00%,195.36
660757,Oscar Gonzalez,RF,86.2,-2.00%,84.48
606992,Eric Haase,C,106.3,+1.00%,107.36
656529,Sam Hentges,P,132.75,-1.00%,131.42
682120,Tim Herrin,P,108.75,+0.00%,108.75
675916,James Karinchak,P,133.25,+5.00%,139.91
547184,Michael Kelly,P,112.7,-3.00%,109.32
680757,Steven Kwan,LF,159.4,+2.00%,162.59
657656,Ramón Laureano,RF,147.2,+1.00%,148.67
625643,Reynaldo López,P,149.75,+5.00%,157.24
663474,Triston McKenzie,P,101.5,-2.00%,99.47
519043,Matt Moore,P,144.0,+5.00%,151.2
669212,Eli Morgan,P,138.65,+4.00%,144.2
663752,Cody Morris,P,80.75,-5.00%,76.71
666310,Bo Naylor,C,158.1,-1.00%,156.52
647304,Josh Naylor,1B,274.4,+2.00%,279.89
596057,Daniel Norris,P,92.3,-3.00%,89.53
663455,Konnor Pilkington,P,131.0,-4.00%,125.76
668676,Zach Plesac,P,79.65,-5.00%,75.67
615698,Cal Quantrill,P,123.6,+3.00%,127.31
608070,José Ramírez,3B,284.6,+1.00%,287.45
677587,Brayan Rocchio,SS,82.1,-2.00%,80.46
642708,Amed Rosario,RF,166.9,+4.00%,173.58
680704,Nick Sandlin,P,143.65,+2.00%,146.52
663986,Trevor Stephan,P,141.2,+3.00%,145.44
664702,Myles Straw,CF,105.4,+1.00%,106.45
592789,Noah Syndergaard,P,117.7,-4.00%,112.99
677588,José Tena,3B,70.8,-1.00%,70.09
657053,Touki Toussaint,P,138.65,+2.00%,141.42
650619,Meibrys Viloria,C,1.0,-5.00%,0.95
668909,Gavin Williams,P,148.85,+4.00%,154.8
572287,Mike Zunino,C,79.1,+0.00%,79.1
472551,Fernando Abad,P,85.5,-2.00%,83.79
595751,Jorge Alfaro,C,52.8,-3.00%,51.22
502624,Chase Anderson,P,126.5,+2.39%,129.52
453268,Daniel Bard,P,116.7,+0.39%,117.16
656234,Jake Bird,P,139.85,+2.05%,142.72
621389,Ty Blach,P,114.5,+2.39%,117.24
453568,Charlie Blackmon,RF,163.7,-4.57%,156.22
656248,Sean Bouchard,RF,121.8,-2.59%,118.65
677865,Justin Bruihl,P,105.9,-3.72%,101.96
592178,Kris Bryant,RF,150.9,-1.87%,148.08
663971,Blair Calvo,P,150.0,-5.00%,142.5
571539,Matt Carasiti,P,94.55,+0.15%,94.69
605612,Harold Castro,2B,111.6,-2.00%,109.37
543068,C.J. Cron,1B,171.4,+2.00%,174.83
663562,Noah Davis,P,80.9,-4.00%,77.66
602074,Yonathan Daza,CF,88.0,-1.00%,87.12
553869,Elias Díaz,C,222.1,+3.00%,228.76
686668,Brenton Doyle,CF,158.9,-3.00%,154.13
656382,Tommy Doyle,P,94.35,-2.00%,92.46
663372,Ryan Feltner,P,106.3,+1.00%,107.36
623167,Chris Flexen,P,119.3,-1.00%,118.11
607536,Kyle Freeland,P,142.45,+4.00%,148.15
596295,Austin Gomber,P,136.2,-2.00%,133.48
696100,Hunter Goodman,C,82.0,-1.00%,81.18
545341,Randal Grichuk,RF,204.1,+4.00%,212.26
543272,Brad Hand,P,123.45,-2.00%,120.98
668970,Gavin Hollowell,P,107.4,-3.00%,104.18
572955,Pierce Johnson,P,145.3,+3.00%,149.66
666134,Nolan Jones,LF,251.1,+5.00%,263.66
687145,Evan Justice,P,50.55,-5.00%,48.02
663731,Connor Kaiser,SS,1.0,-5.00%,0.95
666154,Karl Kauffmann,P,83.65,-4.00%,80.3
641755,Tyler Kinley,P,95.2,-1.50%,93.77
571863,Matt Koch,P,112.1,+3.00%,115.46
663567,Peter Lambert,P,130.9,+2.00%,133.52
659275,Dinelson Lamet,P,60.45,-4.00%,58.03
664875,Justin Lawrence,P,143.4,+4.00%,149.14
608566,Germán Márquez,P,111.75,-3.00%,108.4
641857,Ryan McMahon,3B,257.0,+5.00%,269.85
683232,Nick Mears,P,112.9,-2.00%,110.64
660707,Elehuris Montero,1B,166.9,+1.00%,168.57
663796,Coco Montes,2B,63.2,-5.00%,60.04
519058,Mike Moustakas,1B,182.1,+1.00%,183.92
666207,Riley Pint,P,1.0,-3.00%,0.97
595777,Jurickson Profar,LF,163.6,+0.00%,163.6
663898,Brendan Rodgers,2B,117.4,+2.00%,119.75
657756,Connor Seabold,P,112.9,+2.00%,115.16
622608,Antonio Senzatela,P,105.1,-1.00%,104.05
661531,Brian Serven,C,40.0,-5.00%,38.0
608718,Brent Suter,P,95.0,-5.00%,90.25
669911,Michael Toglia,1B,77.9,-2.00%,76.34
678662,Ezequiel Tovar,SS,223.9,+4.00%,232.86
676701,Alan Trejo,2B,115.6,-2.50%,112.71
657061,Cole Tucker,3B,152.0,+4.00%,158.08
570632,José Ureña,P,100.05,-1.50%,98.55
680767,Victor Vodnik,P,72.85,-3.50%,70.3
642851,Austin Wynns,C,77.4,-1.00%,76.63
641302,Tyler Alexander,P,127.3,+3.50%,131.76
668731,Akil Baddoo,LF,154.4,+5.00%,162.12
595879,Javier Báez,SS,170.6,+1.00%,172.31
571510,Matthew Boyd,P,132.85,-4.50%,126.87
689225,Beau Brieske,P,120.1,+2.00%,122.5
668754,Braden Bristo,P,113.85,-5.00%,108.16
408234,Miguel Cabrera,1B,131.1,+5.00%,137.66
681481,Kerry Carpenter,RF,247.4,+5.00%,259.77
542585,José Cisnero,P,128.85,-5.00%,122.41
656371,Isan Díaz,2B,13.6,-5.00%,12.92
622766,Miguel Díaz,P,136.2,+5.00%,143.01
669438,Mason Englert,P,113.2,-5.00%,107.54
656412,Alex Faedo,P,135.75,+2.00%,138.47
671345,Jason Foley,P,141.25,+4.00%,146.9
687830,Sawyer Gipson-Long,P,127.5,+3.00%,131.33
682985,Riley Greene,LF,178.4,-4.00%,171.26
606992,Eric Haase,C,106.3,-1.00%,105.24
669724,Brenan Hanifee,P,92.5,-3.00%,89.72
682051,Garrett Hill,P,68.85,-5.00%,65.41
663947,Tyler Holton,P,159.05,+5.00%,167.0
628451,Andy Ibáñez,2B,175.2,+2.00%,178.7
608348,Carson Kelly,C,84.8,-2.00%,83.1
668952,Ryan Kreidler,SS,33.3,-5.00%,31.63
656638,Alex Lange,P,95.0,-5.00%,90.25
686531,Andre Lipcius,2B,94.8,-1.00%,93.85
656657,Zach Logue,P,91.0,-1.20%,89.91
547179,Michael Lorenzen,P,160.4,+1.30%,162.49
666159,Matt Manning,P,136.3,+1.00%,137.66
545350,Jake Marisnick,CF,91.1,+1.20%,92.19
665155,Nick Maton,LF,123.9,+0.30%,124.27
656716,Zach McKinstry,SS,149.3,+1.50%,151.54
640457,Austin Meadows,LF,73.4,-1.20%,72.52
678009,Parker Meadows,CF,97.6,+1.20%,98.77
664948,Anthony Misiewicz,P,75.4,-1.20%,74.5
663527,Tyler Nevin,1B,80.0,-1.80%,78.56
681857,Reese Olson,P,159.15,-1.00%,157.56
593958,Eduardo Rodriguez,P,182.0,-0.50%,181.09
668670,Jake Rogers,C,220.3,-2.50%,214.79
570731,Jonathan Schoop,2B,60.0,+0.50%,60.3
670097,Zack Short,3B,129.2,-3.50%,124.68
592741,Chasen Shreve,P,122.55,-2.00%,120.1
669373,Tarik Skubal,P,169.0,+2.50%,173.22
669256,Nick Solak,OF,1.0,-5.00%,0.95
679529,Spencer Torkelson,1B,318.9,+2.50%,326.87
605513,Spencer Turnbull,P,92.1,-1.00%,91.18
607755,Andrew Vasquez,P,126.15,+0.50%,126.78
676684,Will Vest,P,141.1,+1.00%,142.51
663837,Matt Vierling,CF,172.3,+4.00%,179.19
666214,Joey Wentz,P,130.9,-4.00%,125.66
686839,Brendan White,P,119.55,-1.00%,118.35
622259,Trey Wingenter,P,104.9,-2.00%,102.8
650556,Bryan Abreu,P,170.45,+5.00%,178.97
547989,José Abreu,1B,251.1,+3.00%,258.63
514888,Jose Altuve,2B,229.3,+2.00%,233.89
670541,Yordan Alvarez,LF,339.9,+3.00%,350.1
676625,Rylan Bannon,3B,1.0,-2.50%,0.97
656232,Brandon Bielak,P,131.25,+3.50%,135.84
669854,Ronel Blanco,P,123.9,+2.00%,126.38
488726,Michael Brantley,DH,100.4,+1.50%,101.91
608324,Alex Bregman,3B,301.6,+2.50%,309.14
686613,Hunter Brown,P,186.35,-1.50%,183.55
673237,Yainer Diaz,C,259.6,+3.00%,267.39
681869,Shawn Dubin,P,87.1,-4.50%,83.18
643289,Mauricio Dubón,LF,179.4,+1.00%,181.19
641585,J.P. France,P,154.15,+3.50%,159.55
657424,Matt Gage,P,113.5,-1.00%,112.36
677651,Luis Garcia,P,119.5,+3.00%,123.09
608665,Kendall Graveman,P,95.0,-3.00%,92.15
682073,David Hensley,LF,43.7,+0.00%,43.7
664299,Cristian Javier,P,181.3,+1.00%,183.11
667452,Corey Julks,LF,136.5,+2.00%,139.23
666197,Grae Kessinger,3B,66.0,-1.00%,65.34
669270,Joel Kuhnel,P,91.4,-2.00%,89.57
676632,Bligh Madris,1B,46.2,-0.50%,45.97
455117,Martín Maldonado,C,60.0,+0.00%,60.0
661527,Seth Martinez,P,95.0,-5.00%,90.25
664208,Phil Maton,P,95.0,-5.00%,90.25
676801,Chas McCormick,LF,261.9,+5.00%,275.0
676694,Jake Meyers,CF,151.1,+3.00%,155.63
606160,Rafael Montero,P,95.0,-5.00%,90.25
656786,Parker Mushinski,P,98.5,-4.00%,94.56
593576,Héctor Neris,P,158.95,+5.00%,166.9
665161,Jeremy Peña,SS,180.9,+4.00%,188.14
519151,Ryan Pressly,P,95.0,-5.00%,90.25
663967,César Salazar,C,33.3,-5.00%,31.63
572138,Jon Singleton,1B,71.5,+4.00%,74.36
656986,Bennett Sousa,P,117.2,-3.00%,113.68
592773,Ryne Stanek,P,95.0,-5.00%,90.25
663656,Kyle Tucker,RF,342.2,+5.00%,359.31
664353,José Urquidy,P,117.45,-2.00%,115.1
434378,Justin Verlander,P,183.3,+4.00%,190.63
605130,Scott Barlow,P,95.0,-5.00%,90.25
607461,Matt Beaty,DH,60.0,-4.00%,57.6
680118,Dairon Blanco,LF,110.4,+3.00%,113.71
680742,Jonathan Bowlan,P,103.1,-1.00%,102.07
598265,Jackie Bradley Jr.,CF,50.9,+4.99%,53.44
663460,Kris Bubic,P,112.1,+2.99%,115.45
666721,Max Castillo,P,104.25,-1.99%,102.18
547973,Aroldis Chapman,P,161.05,+4.99%,169.09
664199,Taylor Clarke,P,95.0,-4.99%,90.26
669395,Dylan Coleman,P,95.0,-4.99%,90.26
680735,Austin Cox,P,95.0,-4.99%,90.26
680418,Tyler Cropley,C,51.1,+1.99%,52.12
674444,Steven Cruz,P,97.85,-3.99%,93.95
621016,Jose Cuas,P,135.55,+3.99%,140.96
656353,Tucker Davidson,P,110.8,+0.00%,110.8
641531,Hunter Dozier,3B,73.9,+0.00%,73.9
622110,Matt Duffy,3B,101.3,+0.00%,101.3
681987,Nate Eaton,RF,23.5,+0.00%,23.5
666023,Freddy Fermin,C,161.3,+0.00%,161.3
672580,Maikel Garcia,3B,151.6,+0.00%,151.6
607237,Amir Garrett,P,112.75,+0.00%,112.75
425844,Zack Greinke,P,95.0,+0.00%,95.0
621368,Taylor Hearn,P,95.0,+0.00%,95.0
669169,Jonathan Heasley,P,95.0,+0.00%,95.0
672578,Carlos Hernández,P,135.55,+4.00%,140.97
664728,Kyle Isbel,CF,131.0,+1.00%,132.31
641745,Brad Keller,P,104.25,-1.00%,103.21
663804,Jackson Kowar,P,93.75,-2.00%,91.88
621139,Brooks Kriske,P,111.75,+0.00%,111.75
679845,Nick Loftin,2B,106.9,+3.00%,110.11
670032,Nicky Lopez,2B,60.0,-5.00%,57.0
543475,Jordan Lyles,P,153.8,-3.00%,149.19
663738,Daniel Lynch IV,P,118.6,+0.00%,118.6
679525,Alec Marsh,P,132.85,+2.00%,135.51
686681,Michael Massey,2B,198.7,+3.00%,204.66
594577,Mike Mayers,P,94.35,-2.00%,92.46
663704,James McArthur,P,95.0,-5.00%,90.25
669111,John McMillon,P,137.75,+1.00%,139.13
669004,MJ Melendez,LF,206.5,+4.00%,214.76
658668,Edward Olivares,OF,174.9,+3.00%,180.15
686469,Vinnie Pasquantino,1B,145.1,+0.00%,145.1
521692,Salvador Perez,C,271.5,+2.00%,276.93
682515,Logan Porter,C,66.2,-1.00%,65.54
668472,Nick Pratto,1B,139.6,+0.00%,139.6
666142,Cole Ragans,P,95.0,-5.00%,90.25
614177,Franmil Reyes,LF,72.8,+5.00%,76.44
663903,Brady Singer,P,159.9,-2.00%,156.7
676092,Collin Snider,P,94.75,-3.00%,91.91
622251,Josh Staumont,P,106.0,-4.00%,101.76
657031,Josh Taylor,P,87.25,-5.00%,82.89
669392,Samad Taylor,2B,64.0,-1.00%,63.36
676369,Nelson Velázquez,RF,189.5,+5.00%,198.97
685107,Anthony Veneziano,P,116.3,-5.00%,110.48
671221,Drew Waters,RF,140.4,+2.00%,143.21
677951,Bobby Witt Jr.,SS,328.8,+4.20%,342.61
621295,Nick Wittgren,P,105.95,-2.10%,103.73
642232,Ryan Yarbrough,P,136.3,-1.50%,134.26
672582,Angel Zerpa,P,118.35,-1.30%,116.81
622075,Yency Almonte,P,121.2,-1.20%,119.75
605131,Austin Barnes,C,75.0,-4.50%,71.62
605141,Mookie Betts,SS,394.1,+3.80%,409.08
641360,Phil Bickford,P,134.05,-0.90%,132.84
518489,Ryan Brasier,P,142.5,+1.20%,144.21
677865,Justin Bruihl,P,105.9,-2.30%,103.46
683737,Michael Busch,1B,67.1,+1.00%,67.77
592229,Dylan Covey,P,115.95,+2.00%,118.27
664202,Tyler Cyr,P,139.0,+3.00%,143.17
676356,Jonny DeLuca,RF,94.6,+1.00%,95.55
657571,Caleb Ferguson,P,139.05,-1.00%,137.66
518692,Freddie Freeman,1B,346.3,+4.00%,360.15
664062,Tony Gonsolin,P,141.7,+0.00%,141.7
624647,Victor González,P,95.0,-5.00%,90.25
660813,Brusdar Graterol,P,148.6,+5.00%,156.03
675627,Michael Grove,P,126.25,+0.00%,126.25
571771,Enrique Hernández,CF,187.1,-3.20%,181.11
660634,Yonny Hernández,SS,60.0,-5.00%,57.0
518792,Jason Heyward,RF,195.7,+4.20%,203.92
663542,Bryan Hudson,P,80.15,-5.00%,76.14
543339,Daniel Hudson,P,119.1,-1.00%,117.91
669165,Kyle Hurt,P,151.5,+4.50%,158.32
656578,Andre Jackson,P,129.35,+2.70%,132.84
523260,Joe Kelly,P,135.6,+3.50%,140.35
477132,Clayton Kershaw,P,185.0,+5.00%,194.25
592473,Adam Kolarek,P,143.5,+4.80%,150.39
458681,Lance Lynn,P,189.05,+1.00%,190.94
545350,Jake Marisnick,CF,91.1,+2.00%,92.92
502110,J.D. Martinez,DH,349.3,+5.00%,366.77
669160,Dustin May,P,135.05,+3.00%,139.1
676272,Bobby Miller,P,168.7,+4.00%,175.45
571946,Shelby Miller,P,144.45,+4.00%,150.23
668338,Tyson Miller,P,106.7,+2.00%,108.83
571970,Max Muncy,3B,348.6,+4.00%,362.54
681546,James Outman,CF,259.4,+3.00%,267.18
686752,Ryan Pepiot,P,143.1,+5.00%,150.25
444482,David Peralta,LF,167.7,+2.00%,171.05
623465,Evan Phillips,P,156.15,+3.00%,160.83
596082,Jake Reed,P,1.0,-5.00%,0.95
687798,Nick Robertson,P,97.8,-1.00%,96.82
500743,Miguel Rojas,SS,126.8,-2.00%,124.26
642708,Amed Rosario,RF,166.9,+4.00%,173.58
605463,Tayler Scott,P,93.1,-3.00%,90.31
686218,Emmet Sheehan,P,133.6,+1.00%,134.94
669257,Will Smith,C,249.3,+5.00%,261.77
694813,Gavin Stone,P,78.0,-4.00%,74.88
593833,Wander Suero,P,87.5,+4.00%,91.0
592789,Noah Syndergaard,P,117.7,+2.00%,120.05
621035,Chris Taylor,LF,202.1,+1.00%,204.12
572204,Trayce Thompson,RF,95.9,-3.00%,93.02
628711,Julio Urías,P,162.3,+5.00%,170.42
678246,Miguel Vargas,3B,125.5,-1.00%,124.25
681402,Gus Varland,P,84.6,-2.00%,82.91
681911,Alex Vesia,P,95.0,-5.00%,90.25
663897,Luke Williams,LF,60.0,-5.00%,57.0
543939,Kolten Wong,2B,101.9,+0.00%,101.9
642851,Austin Wynns,C,77.4,+2.50%,79.33
642232,Ryan Yarbrough,P,136.3,-3.50%,131.53
676265,Cory Abbott,P,102.8,-4.50%,98.17
682928,CJ Abrams,SS,227.5,+1.50%,230.91
656180,Riley Adams,C,122.9,+1.00%,124.13
672851,Joan Adon,P,109.15,-2.50%,106.42
666906,Jake Alu,3B,93.8,-1.50%,92.39
607455,Anthony Banda,P,80.85,-2.00%,79.23
663905,Travis Blankenhorn,RF,54.3,-3.00%,52.67
669743,Alex Call,RF,138.0,-2.50%,134.55
600869,Jeimer Candelario,3B,255.3,+2.00%,260.41
656308,Michael Chavis,2B,87.6,-2.00%,85.85
571578,Patrick Corbin,P,156.4,-3.00%,151.71
572816,Corey Dickerson,LF,102.0,-1.00%,100.98
669023,Jeter Downs,2B,121.0,+5.00%,127.05
605218,Carl Edwards Jr.,P,113.15,+1.00%,114.28
502179,Paolo Espino,P,1.0,-5.00%,0.95
678606,Jose A. Ferrer,P,107.95,+3.00%,111.19
640448,Kyle Finnegan,P,136.7,+4.00%,142.17
671277,Luis García Jr.,2B,174.8,+1.00%,176.55
670329,Rico Garcia,P,65.9,-1.00%,65.24
676395,Robert Garcia,P,124.4,+3.00%,128.13
656448,Stone Garrett,RF,165.7,+1.50%,168.19
669022,MacKenzie Gore,P,175.4,+0.50%,176.28
680686,Josiah Gray,P,172.75,+1.00%,174.48
665048,Hobie Harris,P,93.7,+2.00%,95.57
640451,Hunter Harvey,P,150.6,+1.00%,152.11
656537,Derek Hill,CF,52.0,-2.00%,50.96
663623,Jake Irvin,P,148.05,+1.00%,149.53
666198,Carter Kieboom,3B,93.1,+0.00%,93.1
641771,Chad Kuhl,P,84.05,-3.00%,81.53
686747,Joe La Sorsa,P,116.75,+2.50%,119.67
600921,Andrés Machado,P,119.0,+4.00%,123.76
608841,Joey Meneses,1B,236.5,+5.00%,248.33
686452,Drew Millas,C,96.8,+4.50%,101.16
663432,Tanner Rainey,P,110.5,-4.50%,105.53
541640,Erasmo Ramírez,P,108.05,+3.50%,111.83
645302,Victor Robles,CF,97.7,+3.00%,100.63
660688,Keibert Ruiz,C,235.0,+4.90%,246.51
666164,Blake Rutherford,LF,53.3,-4.00%,51.17
671131,Jackson Rutledge,P,92.25,+0.00%,92.25
642086,Dominic Smith,1B,182.2,+5.00%,191.31
657041,Lane Thomas,RF,60.0,-5.00%,57.0
666168,Mason Thompson,P,113.3,+5.00%,118.97
545121,Ildemaro Vargas,3B,126.6,+3.00%,130.4
663658,Thaddeus Ward,P,100.95,-4.00%,96.91
607179,Jordan Weems,P,137.7,+5.00%,144.59
592866,Trevor Williams,P,145.75,+5.00%,153.04
686294,Amos Willingham,P,88.0,-5.00%,83.6
696285,Jacob Young,CF,87.6,+2.00%,89.35
501659,Abraham Almonte,OF,20.1,+0.00%,20.1
624413,Pete Alonso,1B,413.1,+4.00%,429.62
682626,Francisco Alvarez,C,250.7,-3.00%,243.18
660620,Jonathan Araúz,2B,64.8,-4.00%,62.21
683146,Brett Baty,3B,142.6,-2.00%,139.75
641360,Phil Bickford,P,134.05,+2.00%,136.73
656257,Jeff Brigham,P,121.3,-1.00%,120.09
592192,Mark Canha,LF,195.6,+1.00%,197.56
471911,Carlos Carrasco,P,115.0,-5.00%,109.25
656322,Sam Coonrod,P,66.75,-4.00%,64.08
595928,John Curtiss,P,109.7,-4.41%,104.86
500871,Eduardo Escobar,3B,128.8,+0.61%,129.59
657585,Reed Garrett,P,96.55,-4.59%,92.12
641627,Trevor Gott,P,131.85,+0.48%,132.48
641645,Luis Guillorme,2B,81.2,-4.55%,77.51
701643,Grant Hartwig,P,113.0,+0.27%,113.31
488984,Tommy Hunter,P,95.0,-4.99%,90.26
641743,Anthony Kay,P,95.0,-4.99%,90.26
592473,Adam Kolarek,P,143.5,+2.57%,147.19
608678,Dominic Leone,P,125.05,+0.31%,125.44
596019,Francisco Lindor,SS,329.2,-2.00%,322.62
641796,Tim Locastro,LF,82.6,-4.50%,78.88
664192,Joey Lucchesi,P,125.35,-0.50%,124.72
516782,Starling Marte,RF,127.4,-1.20%,125.87
677595,Ronny Mauricio,SS,93.4,-1.20%,92.28
519008,T.J. McFarland,P,64.0,-4.80%,60.93
643446,Jeff McNeil,2B,186.0,+0.50%,186.93
656731,Tylor Megill,P,147.4,+1.20%,149.17
664901,Danny Mendick,3B,64.5,-4.20%,61.79
668338,Tyson Miller,P,106.7,+1.50%,108.3
669105,Zach Muckenhirn,P,78.1,-3.00%,75.76
553882,Omar Narváez,C,80.3,+4.00%,83.51
621512,Tomás Nido,C,38.5,-5.00%,36.57
607043,Brandon Nimmo,LF,270.2,+4.00%,281.01
657697,Vinny Nittoli,P,117.45,-1.00%,116.28
668665,Stephen Nogosek,P,101.65,+3.00%,104.7
542364,Rafael Ortega,CF,78.7,+2.00%,80.27
493603,Adam Ottavino,P,140.55,+1.00%,141.96
605421,Michael Pérez,C,150.0,+5.00%,157.5
656849,David Peterson,P,157.45,+2.00%,160.6
502054,Tommy Pham,CF,224.8,+2.00%,229.3
500779,Jose Quintana,P,135.95,+2.00%,138.67
548384,Brooks Raley,P,95.0,-5.00%,90.25
656887,Sean Reid-Foley,P,114.4,+1.00%,115.54
660593,Denyi Reyes,P,86.0,-3.00%,83.42
502085,David Robertson,P,150.05,+4.00%,156.05
596142,Gary Sánchez,C,207.1,+3.00%,213.31
642701,Dennis Santana,P,94.65,-2.00%,92.76
453286,Max Scherzer,P,195.75,+5.00%,205.54
673540,Kodai Senga,P,211.7,+5.00%,222.28
622098,Drew Smith,P,95.0,-5.00%,90.25
621466,DJ Stewart,RF,154.2,+5.00%,161.91
670955,Edwin Uceta,P,138.1,-5.00%,131.19
434378,Justin Verlander,P,183.3,+5.00%,192.47
668901,Mark Vientos,3B,130.3,-5.00%,123.79
596129,Daniel Vogelbach,DH,182.9,+5.00%,192.05
677020,Josh Walker,P,79.5,-5.00%,75.52
642231,Jimmy Yacabonis,P,93.35,+1.00%,94.28
