id,fullName,position,team,homeRuns,runsBattedIn,battingAverage,onBasePercentage,sluggingPercentage,wins,strikeouts,earnedRunAverage,walksAndHitsPerInning
642758,Domingo Acevedo,P,,0,0,.000,.000,.000,0,7,10.61,1.93
670183,Garrett Acton,P,,0,0,.000,.000,.000,0,5,12.71,2.47
542583,Jesús Aguilar,1B,,5,9,.221,.281,.385,0,0,0.0,0.0
669397,Nick Allen,SS,,4,20,.221,.263,.287,0,0,0.0,0.0
621112,Paul Blackburn,P,,0,0,.000,.000,.000,4,104,4.43,1.54
668709,JJ Bleday,CF,,10,27,.195,.310,.355,0,0,0.0,0.0
671212,Joe Boyle,P,,0,0,.000,.000,.000,2,15,1.69,0.81
681146,Jonah Bride,1B,,0,7,.170,.286,.205,0,0,0.0,0.0
664913,Seth Brown,LF,,14,52,.222,.286,.405,0,0,0.0,0.0
671732,Lawrence Butler,RF,,4,10,.211,.240,.341,0,0,0.0,0.0
668843,Conner Capel,LF,,0,3,.260,.372,.329,0,0,0.0,0.0
649557,Aledmys Díaz,SS,,4,24,.229,.280,.337,0,0,0.0,0.0
672478,Jordan Diaz,2B,,10,27,.221,.273,.364,0,0,0.0,0.0
668674,Lucas Erceg,P,,0,0,.000,.000,.000,4,68,4.75,1.58
683155,Joey Estes,P,,0,0,.000,.000,.000,0,7,7.20,1.40
544727,Jeurys Familia,P,,0,0,.000,.000,.000,0,9,6.39,2.05
665734,Angel Felipe,P,,0,0,.000,.000,.000,1,19,4.20,1.27
660261,Shintaro Fujinami,P,,0,0,.000,.000,.000,7,83,7.18,1.49
670329,Rico Garcia,P,,0,0,.000,.000,.000,0,10,9.26,2.14
680869,Zack Gelof,2B,,14,32,.267,.337,.504,0,0,0.0,0.0
663687,Hogan Harris,P,,0,0,.000,.000,.000,3,56,7.14,1.51
667427,Zach Jackson,P,,0,0,.000,.000,.000,2,23,2.50,1.56
666204,Dany Jiménez,P,,0,0,.000,.000,.000,0,21,3.47,1.07
621076,James Kaprielian,P,,0,0,.000,.000,.000,2,57,6.34,1.59
643393,Tony Kemp,2B,,5,27,.209,.303,.304,0,0,0.0,0.0
669127,Shea Langeliers,C,,22,63,.205,.268,.413,0,0,0.0,0.0
657656,Ramón Laureano,RF,,9,35,.224,.304,.371,0,0,0.0,0.0
669674,Sam Long,P,,0,0,.000,.000,.000,0,32,5.60,1.56
663992,Richard Lovelady,P,,0,0,.000,.000,.000,0,24,4.63,1.07
687922,Easton Lucas,P,,0,0,.000,.000,.000,0,7,8.10,2.10
661309,Adrián Martínez,P,,0,0,.000,.000,.000,0,47,4.75,1.42
543507,Trevor May,P,,0,0,.000,.000,.000,4,40,3.28,1.37
665622,Luis Medina,P,,0,0,.000,.000,.000,3,106,5.42,1.51
695243,Mason Miller,P,,0,0,.000,.000,.000,0,38,3.78,1.20
594580,Sam Moll,P,,0,0,.000,.000,.000,2,68,3.03,1.24
666205,Kyle Muller,P,,0,0,.000,.000,.000,1,56,7.60,1.96
594943,Zach Neal,P,,0,0,.000,.000,.000,1,25,6.67,1.63
656794,Sean Newcomb,P,,0,0,.000,.000,.000,1,17,3.00,1.13
676116,Ryan Noda,1B,,16,54,.229,.364,.406,0,0,0.0,0.0
670124,Adam Oller,P,,0,0,.000,.000,.000,1,13,10.07,2.08
607359,Spencer Patton,P,,0,0,.000,.000,.000,0,7,5.11,1.54
542208,Carlos Pérez,C,,6,20,.226,.293,.357,0,0,10.80,3.60
660906,Francisco Pérez,P,,0,0,.000,.000,.000,1,14,5.94,1.50
607054,Jace Peterson,SS,,6,37,.211,.304,.307,0,1,9.00,3.00
444489,Manny Piña,C,,1,1,.250,.250,.500,0,0,0.0,0.0
643493,Austin Pruitt,P,,0,0,.000,.000,.000,2,30,2.98,1.16
605441,Yacksel Ríos,P,,0,0,.000,.000,.000,0,2,37.80,5.40
667670,Brent Rooker,LF,,30,69,.246,.329,.488,0,0,0.0,0.0
607968,Drew Rucinski,P,,0,0,.000,.000,.000,0,6,9.00,2.28
665923,Esteury Ruiz,LF,,5,47,.254,.309,.345,0,0,0.0,0.0
605463,Tayler Scott,P,,0,0,.000,.000,.000,0,17,5.60,1.87
676664,JP Sears,P,,0,0,.000,.000,.000,5,161,4.54,1.26
663385,Chad Smith,P,,0,0,.000,.000,.000,1,9,6.59,1.61
675656,Kevin Smith,3B,,5,11,.185,.220,.326,0,0,0.0,0.0
669912,Kirby Snead,P,,0,0,.000,.000,.000,1,9,4.63,1.71
691016,Tyler Soderstrom,1B,,3,7,.160,.232,.240,0,0,0.0,0.0
682967,Devin Sweet,P,,0,0,.000,.000,.000,1,6,10.38,1.85
676206,Freddy Tarnok,P,,0,0,.000,.000,.000,1,14,4.91,1.50
642137,Cody Thomas,RF,,1,2,.238,.304,.381,0,0,0.0,0.0
642180,Tyler Wade,3B,,0,2,.255,.309,.314,0,0,0.0,0.0
657093,Spenser Watkins,P,,0,0,.000,.000,.000,0,4,10.38,2.08
609280,Miguel Andujar,LF,,4,18,.250,.300,.476,0,0,0.0,0.0
678225,Ji Hwan Bae,CF,,2,32,.231,.296,.311,0,0,0.0,0.0
670280,David Bednar,P,,0,0,.000,.000,.000,3,80,2.00,1.10
674370,Osvaldo Bido,P,,0,0,.000,.000,.000,2,48,5.86,1.50
675989,Cody Bolton,P,,0,0,.000,.000,.000,1,22,6.33,2.11
621366,Ryan Borucki,P,,0,0,.000,.000,.000,4,33,2.45,0.74
681962,Vinny Capra,3B,,0,1,.167,.250,.222,0,0,0.0,0.0
666801,Rodolfo Castro,SS,,6,24,.211,.297,.322,0,0,0.0,0.0
596847,Ji Man Choi,1B,,6,13,.163,.239,.385,0,0,0.0,0.0
672710,Roansy Contreras,P,,0,0,.000,.000,.000,3,55,6.59,1.57
640444,Wil Crowe,P,,0,0,.000,.000,.000,0,9,4.66,1.86
665833,Oneil Cruz,OF,,1,4,.250,.375,.375,0,0,0.0,0.0
680779,Henry Davis,C,,7,24,.213,.302,.351,0,0,0.0,0.0
608328,Chase De Jong,P,,0,0,.000,.000,.000,0,7,13.50,2.12
660787,Yerry De Los Santos,P,,0,0,.000,.000,.000,1,18,3.33,1.23
641511,Jason Delay,C,,1,18,.251,.319,.347,0,0,0.0,0.0
663559,Bailey Falter,P,,0,0,.000,.000,.000,2,60,5.36,1.41
693304,Nick Gonzales,2B,,2,13,.209,.268,.348,0,0,0.0,0.0
641672,Thomas Hatch,P,,0,0,.000,.000,.000,1,26,4.08,1.57
663647,Ke'Bryan Hayes,3B,,15,61,.271,.309,.453,0,0,0.0,0.0
595978,Austin Hedges,C,,1,16,.184,.234,.227,0,1,4.91,1.36
623168,Tyler Heineman,C,,0,3,.237,.383,.316,0,0,0.0,0.0
669796,Jose E. Hernandez,P,,0,0,.000,.000,.000,1,62,4.97,1.36
448179,Rich Hill,P,,0,0,.000,.000,.000,8,129,5.41,1.52
670059,Colin Holderman,P,,0,0,.000,.000,.000,0,58,3.86,1.34
656578,Andre Jackson,P,,0,0,.000,.000,.000,1,57,4.99,1.21
656582,Connor Joe,1B,,11,42,.247,.339,.421,0,0,0.0,0.0
656605,Mitch Keller,P,,0,0,.000,.000,.000,13,210,4.21,1.25
543482,Drew Maggi,3B,,0,1,.333,.333,.500,0,0,0.0,0.0
672779,Tucupita Marcano,SS,,3,18,.233,.276,.356,0,0,0.0,0.0
664029,Mark Mathias,2B,,0,6,.226,.333,.258,0,0,0.0,0.0
457705,Andrew McCutchen,RF,,12,43,.256,.378,.397,0,0,0.0,0.0
668751,Cal Mitchell,1B,,0,0,.000,.200,.000,0,0,0.0,0.0
669387,Carmen Mlodzinski,P,,0,0,.000,.000,.000,3,34,2.25,1.28
664294,Dauri Moreta,P,,0,0,.000,.000,.000,5,76,3.72,1.09
693312,Kyle Nicolas,P,,0,0,.000,.000,.000,0,7,11.81,2.06
682847,Luis L. Ortiz,P,,0,0,.000,.000,.000,5,59,4.78,1.70
670912,Johan Oviedo,P,,0,0,.000,.000,.000,9,158,4.31,1.37
572008,Chris Owings,SS,,0,0,.160,.160,.160,0,0,0.00,2.00
641943,Joshua Palacios,RF,,10,40,.239,.279,.413,0,0,0.0,0.0
678894,Liover Peguero,SS,,7,26,.237,.280,.374,0,0,0.0,0.0
622780,Angel Perdomo,P,,0,0,.000,.000,.000,3,44,3.72,1.10
682990,Quinn Priester,P,,0,0,.000,.000,.000,3,36,7.74,1.70
670990,Yohan Ramírez,P,,0,0,.000,.000,.000,1,35,4.23,1.46
668804,Bryan Reynolds,LF,,24,84,.263,.330,.460,0,0,0.0,0.0
663845,Alfonso Rivas III,1B,,3,15,.229,.303,.422,0,0,0.0,0.0
682848,Endy Rodríguez,C,,3,13,.220,.284,.328,0,0,0.0,0.0
467793,Carlos Santana,1B,,23,86,.240,.318,.429,0,0,0.0,0.0
681882,Colin Selby,P,,0,0,.000,.000,.000,2,30,9.00,1.83
675986,Canaan Smith-Njigba,RF,,0,5,.125,.216,.219,0,0,0.0,0.0
596112,Robert Stephenson,P,,0,0,.000,.000,.000,3,77,3.10,0.88
676702,Hunter Stratton,P,,0,0,.000,.000,.000,0,10,2.25,1.00
669261,Jack Suwinski,CF,,26,74,.224,.339,.454,0,0,0.0,0.0
669707,Jared Triolo,3B,,3,21,.298,.388,.398,0,0,0.0,0.0
621249,Duane Underwood Jr.,P,,0,0,.000,.000,.000,1,14,5.18,1.44
592826,Vince Velasquez,P,,0,0,.000,.000,.000,4,37,3.86,1.31
675961,Alika Williams,2B,,0,6,.198,.270,.248,0,0,0.0,0.0
642239,Rob Zastryzny,P,,0,0,.000,.000,.000,1,15,4.79,1.79
658648,Pedro Avila,P,,0,0,.000,.000,.000,2,54,3.22,1.35
640492,José Azocar,LF,,2,9,.231,.278,.363,0,0,0.0,0.0
605130,Scott Barlow,P,,0,0,.000,.000,.000,2,79,4.37,1.40
676946,Matthew Batten,2B,,2,11,.258,.355,.358,0,0,0.0,0.0
593428,Xander Bogaerts,2B,,19,58,.285,.350,.440,0,0,0.0,0.0
669134,Luis Campusano,C,,7,30,.319,.356,.491,0,0,0.0,0.0
656290,Drew Carlton,P,,0,0,.000,.000,.000,2,18,4.35,1.16
572761,Matt Carpenter,DH,,5,31,.176,.322,.319,0,0,0.0,0.0
620454,José Castillo,P,,0,0,.000,.000,.000,0,0,108.00,12.00
596847,Ji Man Choi,1B,,6,13,.163,.239,.385,0,0,0.0,0.0
643265,Garrett Cooper,1B,,17,61,.251,.304,.419,0,0,0.0,0.0
676680,Tom Cosgrove,P,,0,0,.000,.000,.000,1,44,1.75,0.97
622503,Nabil Crismatt,P,,0,0,.000,.000,.000,0,12,8.31,2.00
630105,Jake Cronenworth,1B,,10,48,.229,.312,.378,0,0,0.0,0.0
443558,Nelson Cruz,DH,,5,23,.245,.283,.399,0,0,0.0,0.0
621311,David Dahl,LF,,1,1,.111,.111,.444,0,0,0.0,0.0
506433,Yu Darvish,P,,0,0,.000,.000,.000,8,141,4.56,1.30
641525,Brandon Dixon,3B,,2,9,.203,.244,.329,0,0,0.00,0.00
641553,Adam Engel,CF,,0,0,.000,.000,.000,0,0,0.0,0.0
664744,Jose Espada,P,,0,0,.000,.000,.000,0,2,0.00,2.00
592325,Ben Gamel,RF,,0,2,.200,.200,.267,0,0,0.0,0.0
472610,Luis García,P,,0,0,.000,.000,.000,2,53,4.07,1.39
663757,Trent Grisham,CF,,13,50,.198,.315,.352,0,0,0.0,0.0
623352,Josh Hader,P,,0,0,.000,.000,.000,2,85,1.28,1.10
663321,Nick Hernandez,P,,0,0,.000,.000,.000,0,5,12.00,2.33
448179,Rich Hill,P,,0,0,.000,.000,.000,8,129,5.41,1.52
657612,Tim Hill,P,,0,0,.000,.000,.000,1,26,5.48,1.65
641703,Brent Honeywell,P,,0,0,.000,.000,.000,2,45,4.82,1.45
689690,Alek Jacob,P,,0,0,.000,.000,.000,0,5,0.00,0.33
678061,Ray Kerr,P,,0,0,.000,.000,.000,1,35,4.33,1.26
673490,Ha-Seong Kim,SS,,17,60,.260,.351,.398,0,0,0.0,0.0
663753,Reiss Knehr,P,,0,0,.000,.000,.000,0,4,15.88,2.65
670128,Taylor Kohlwey,RF,,0,0,.154,.154,.154,0,0,0.0,0.0
607625,Seth Lugo,P,,0,0,.000,.000,.000,8,140,3.57,1.20
592518,Manny Machado,3B,,30,91,.258,.319,.462,0,0,0.0,0.0
607259,Nick Martinez,P,,0,0,.000,.000,.000,6,106,3.43,1.26
670970,Adrian Morejon,P,,0,0,.000,.000,.000,0,8,7.00,2.11
605397,Joe Musgrove,P,,0,0,.000,.000,.000,10,97,3.05,1.14
543592,Austin Nola,C,,1,8,.146,.260,.192,0,0,0.0,0.0
596059,Rougned Odor,2B,,4,18,.203,.299,.355,0,0,0.0,0.0
595777,Jurickson Profar,LF,,9,46,.242,.321,.368,0,0,0.0,0.0
663845,Alfonso Rivas III,1B,,3,15,.229,.303,.422,0,0,0.0,0.0
666703,Eguy Rosario,3B,,2,6,.250,.270,.500,0,0,0.0,0.0
596142,Gary Sánchez,C,,19,47,.217,.288,.492,0,0,0.0,0.0
676882,Chandler Seagle,C,,0,0,.000,.000,.000,0,0,0.0,0.0
605483,Blake Snell,P,,0,0,.000,.000,.000,14,234,2.25,1.19
665742,Juan Soto,RF,,35,109,.275,.410,.519,0,0,0.0,0.0
663158,Robert Suarez,P,,0,0,.000,.000,.000,4,24,4.23,0.90
664954,Brett Sullivan,C,,1,6,.210,.244,.284,0,0,0.0,0.0
593619,Domingo Tapia,P,,0,0,.000,.000,.000,0,14,3.57,1.42
665487,Fernando Tatis Jr.,RF,,25,78,.257,.322,.449,0,0,0.0,0.0
608379,Michael Wacha,P,,0,0,.000,.000,.000,14,124,3.22,1.16
663362,Matt Waldron,P,,0,0,.000,.000,.000,1,31,4.35,1.23
677960,Ryan Weathers,P,,0,0,.000,.000,.000,1,43,6.55,1.68
621051,Steven Wilson,P,,0,0,.000,.000,.000,1,57,3.91,1.17
680232,Jackson Wolf,P,,0,0,.000,.000,.000,1,1,5.40,1.40
686654,Ty Adcock,P,,0,0,.000,.000,.000,0,11,3.45,0.70
660825,Eduard Bazardo,P,,0,0,.000,.000,.000,0,15,4.50,1.19
672860,Prelander Berroa,P,,0,0,.000,.000,.000,0,3,0.00,1.80
666374,Matt Brash,P,,0,0,.000,.000,.000,9,107,3.06,1.33
656266,J.B. Bukauskas,P,,0,0,.000,.000,.000,0,7,1.29,1.29
676609,José Caballero,SS,,4,26,.221,.343,.320,0,0,0.0,0.0
663462,Isaiah Campbell,P,,0,0,.000,.000,.000,4,33,2.83,1.22
686527,Dominic Canzone,RF,,6,21,.220,.258,.399,0,0,0.0,0.0
650895,Diego Castillo,P,,0,0,.000,.000,.000,0,7,6.23,1.62
622491,Luis Castillo,P,,0,0,.000,.000,.000,14,219,3.34,1.10
641487,J.P. Crawford,SS,,19,65,.266,.380,.438,0,0,0.0,0.0
670036,Matt Festa,P,,0,0,.000,.000,.000,0,13,4.00,1.78
623167,Chris Flexen,P,,0,0,.000,.000,.000,2,74,6.86,1.67
645801,Mike Ford,1B,,16,34,.228,.323,.475,0,0,18.00,3.00
664034,Ty France,1B,,12,58,.250,.337,.366,0,0,0.0,0.0
669302,Logan Gilbert,P,,0,0,.000,.000,.000,13,189,3.73,1.08
594835,Marco Gonzales,P,,0,0,.000,.000,.000,4,34,5.22,1.46
641627,Trevor Gott,P,,0,0,.000,.000,.000,0,62,4.19,1.41
664059,Sam Haggerty,LF,,1,5,.253,.364,.341,0,0,0.0,0.0
676106,Emerson Hancock,P,,0,0,.000,.000,.000,0,6,4.50,1.33
606192,Teoscar Hernández,LF,,26,93,.258,.305,.435,0,0,0.0,0.0
669450,Cooper Hummel,LF,,0,0,.087,.192,.130,0,0,0.0,0.0
672284,Jarred Kelenic,LF,,11,49,.253,.327,.419,0,0,0.0,0.0
669923,George Kirby,P,,0,0,.000,.000,.000,13,172,3.35,1.04
600303,Tommy La Stella,DH,,0,2,.190,.292,.238,0,0,0.0,0.0
608678,Dominic Leone,P,,0,0,.000,.000,.000,1,54,4.67,1.43
687799,Cade Marlowe,LF,,3,11,.239,.330,.420,0,0,0.0,0.0
670766,Darren McCaughan,P,,0,0,.000,.000,.000,0,10,5.40,2.00
668834,Easton McGee,P,,0,0,.000,.000,.000,0,2,0.00,0.30
682243,Bryce Miller,P,,0,0,.000,.000,.000,8,119,4.32,1.14
543548,Tommy Milone,P,,0,0,.000,.000,.000,0,3,2.00,1.44
664238,Dylan Moore,SS,,7,19,.207,.303,.428,0,0,0.0,0.0
662253,Andrés Muñoz,P,,0,0,.000,.000,.000,4,67,2.94,1.27
682171,Penn Murfee,P,,0,0,.000,.000,.000,1,16,1.29,1.07
608596,Tom Murphy,C,,8,17,.290,.335,.538,0,0,0.0,0.0
657247,Brian O'Keefe,C,,0,2,.105,.190,.211,0,0,0.0,0.0
572041,AJ Pollock,CF,,5,15,.165,.215,.308,0,0,0.0,0.0
663728,Cal Raleigh,C,,30,75,.232,.306,.456,0,0,0.0,0.0
592662,Robbie Ray,P,,0,0,.000,.000,.000,0,3,8.10,2.70
642578,José Rodríguez,P,,0,0,.000,.000,.000,0,1,9.00,1.33
677594,Julio Rodríguez,CF,,32,103,.275,.333,.485,0,0,0.0,0.0
668942,Josh Rojas,3B,,4,40,.245,.303,.338,0,1,18.00,3.50
656924,Ryder Ryan,P,,0,0,.000,.000,.000,0,2,0.00,1.00
642048,Tayler Saucedo,P,,0,0,.000,.000,.000,3,43,3.59,1.34
623149,Paul Sewald,P,,0,0,.000,.000,.000,3,80,3.12,1.15
642100,Gabe Speier,P,,0,0,.000,.000,.000,2,64,3.79,1.06
553993,Eugenio Suárez,3B,,22,96,.232,.323,.391,0,0,0.0,0.0
682967,Devin Sweet,P,,0,0,.000,.000,.000,1,6,10.38,1.85
672730,Juan Then,P,,0,0,.000,.000,.000,0,5,4.91,1.45
663423,Trent Thornton,P,,0,0,.000,.000,.000,1,26,2.01,1.15
623437,Justin Topa,P,,0,0,.000,.000,.000,5,61,2.61,1.14
620443,Luis Torrens,C,,0,4,.250,.300,.357,0,0,0.0,0.0
666211,Taylor Trammell,LF,,3,11,.130,.286,.326,0,0,0.0,0.0
596133,Luke Weaver,P,,0,0,.000,.000,.000,3,109,6.40,1.58
543939,Kolten Wong,2B,,4,27,.183,.256,.263,0,0,0.0,0.0
693433,Bryan Woo,P,,0,0,.000,.000,.000,4,93,4.21,1.21
518397,Scott Alexander,P,,0,0,.000,.000,.000,7,31,4.66,1.37
672275,Patrick Bailey,C,,7,48,.233,.285,.359,0,0,0.0,0.0
663698,Joey Bart,C,,0,5,.207,.263,.264,0,0,0.0,0.0
607461,Matt Beaty,DH,,0,4,.230,.347,.295,0,1,27.00,4.00
663941,Tristan Beck,P,,0,0,.000,.000,.000,3,68,3.92,1.22
605154,John Brebbia,P,,0,0,.000,.000,.000,3,47,3.99,1.17
622666,Johan Camargo,3B,,0,2,.222,.300,.222,0,0,0.0,0.0
502171,Alex Cobb,P,,0,0,.000,.000,.000,7,131,3.87,1.32
624424,Michael Conforto,LF,,15,58,.239,.334,.384,0,0,0.0,0.0
543063,Brandon Crawford,SS,,7,38,.194,.273,.314,0,0,0.00,2.00
605204,J.D. Davis,1B,,18,69,.248,.325,.413,0,0,0.0,0.0
657557,Paul DeJong,SS,,14,38,.207,.258,.355,0,0,0.0,0.0
543101,Anthony DeSclafani,P,,0,0,.000,.000,.000,4,79,4.88,1.25
656371,Isan Díaz,2B,,0,1,.042,.115,.042,0,0,0.0,0.0
666808,Camilo Doval,P,,0,0,.000,.000,.000,6,87,2.93,1.14
642731,Thairo Estrada,2B,,14,49,.271,.315,.416,0,0,0.0,0.0
666149,Tyler Fitzgerald,SS,,2,5,.219,.265,.469,0,0,0.0,0.0
527038,Wilmer Flores,1B,,23,60,.284,.355,.509,0,0,0.0,0.0
571745,Mitch Haniger,RF,,6,28,.209,.266,.365,0,0,0.0,0.0
690986,Kyle Harrison,P,,0,0,.000,.000,.000,1,35,4.15,1.15
663546,Sean Hjelle,P,,0,0,.000,.000,.000,2,31,6.52,1.76
592426,Luke Jackson,P,,0,0,.000,.000,.000,2,43,2.97,1.23
669369,Bryce Johnson,RF,,1,3,.163,.229,.256,0,0,0.0,0.0
596001,Jakob Junis,P,,0,0,.000,.000,.000,4,96,3.87,1.29
661440,Mauricio Llovera,P,,0,0,.000,.000,.000,2,29,4.89,1.46
682617,Marco Luciano,SS,,0,0,.231,.333,.308,0,0,0.0,0.0
640455,Sean Manaea,P,,0,0,.000,.000,.000,7,128,4.44,1.24
664029,Mark Mathias,2B,,0,6,.226,.333,.258,0,0,0.0,0.0
682641,Luis Matos,CF,,2,14,.250,.319,.342,0,0,0.0,0.0
685133,Wade Meckler,OF,,0,4,.232,.328,.250,0,0,0.0,0.0
592626,Joc Pederson,DH,,15,51,.235,.348,.416,0,0,0.0,0.0
547379,Roberto Pérez,C,,0,1,.133,.235,.133,0,0,0.0,0.0
572041,AJ Pollock,CF,,5,15,.165,.215,.308,0,0,0.0,0.0
671218,Heliot Ramos,CF,,1,2,.179,.233,.304,0,0,0.0,0.0
573124,Taylor Rogers,P,,0,0,.000,.000,.000,6,64,3.83,1.24
643511,Tyler Rogers,P,,0,0,.000,.000,.000,4,60,3.04,1.15
573131,Darin Ruf,DH,,0,3,.224,.333,.286,0,0,0.0,0.0
666165,Blake Sabol,C,,13,44,.235,.301,.394,0,0,0.0,0.0
669477,Casey Schmitt,2B,,5,30,.206,.255,.324,0,0,0.0,0.0
596103,Austin Slater,RF,,5,20,.270,.348,.400,0,0,0.0,0.0
670276,Cal Stevenson,CF,,0,0,.000,.250,.000,0,0,0.0,0.0
548389,Ross Stripling,P,,0,0,.000,.000,.000,0,70,5.36,1.35
681584,David Villar,2B,,5,12,.145,.236,.315,0,0,0.00,1.00
664774,LaMonte Wade Jr.,1B,,17,45,.256,.373,.417,0,0,0.0,0.0
686972,Cole Waites,P,,0,0,.000,.000,.000,0,2,15.43,3.43
676254,Ryan Walker,P,,0,0,.000,.000,.000,5,78,3.23,1.39
657277,Logan Webb,P,,0,0,.000,.000,.000,11,194,3.25,1.07
676775,Keaton Winn,P,,0,0,.000,.000,.000,1,35,4.68,1.04
689172,Brett Wisely,2B,,2,8,.175,.231,.267,0,0,9.00,1.00
622072,Alex Wood,P,,0,0,.000,.000,.000,5,74,4.33,1.43
642851,Austin Wynns,C,,1,10,.208,.268,.277,0,0,0.0,0.0
573262,Mike Yastrzemski,RF,,15,43,.233,.330,.445,0,0,0.0,0.0
571448,Nolan Arenado,3B,,26,93,.266,.315,.459,0,0,0.0,0.0
663609,Luken Baker,1B,,2,10,.209,.313,.314,0,0,0.0,0.0
606930,Jacob Barnes,P,,0,0,.000,.000,.000,0,8,5.93,1.54
668663,Tres Barrera,C,,0,0,.000,.000,.000,0,0,0.0,0.0
676475,Alec Burleson,RF,,8,36,.244,.300,.390,0,1,21.60,4.80
650893,Génesis Cabrera,P,,0,0,.000,.000,.000,2,58,4.04,1.31
666185,Dylan Carlson,LF,,5,27,.219,.318,.333,0,0,0.0,0.0
575929,Willson Contreras,C,,20,67,.264,.358,.467,0,0,0.0,0.0
657557,Paul DeJong,SS,,14,38,.207,.258,.355,0,0,0.0,0.0
680977,Brendan Donovan,LF,,11,34,.284,.365,.422,0,0,0.0,0.0
669242,Tommy Edman,CF,,13,47,.248,.307,.399,0,0,0.0,0.0
665877,José Fermín,2B,,0,4,.235,.339,.255,0,0,0.0,0.0
656427,Jack Flaherty,P,,0,0,.000,.000,.000,8,148,4.99,1.58
606149,Giovanny Gallegos,P,,0,0,.000,.000,.000,2,59,4.42,1.20
502671,Paul Goldschmidt,1B,,25,80,.268,.363,.447,0,0,0.0,0.0
669357,Nolan Gorman,2B,,27,76,.236,.328,.478,0,0,0.0,0.0
664854,Ryan Helsley,P,,0,0,.000,.000,.000,3,52,2.45,1.06
671056,Iván Herrera,C,,0,4,.297,.409,.351,0,0,0.0,0.0
663855,Jordan Hicks,P,,0,0,.000,.000,.000,3,81,3.29,1.36
641712,Dakota Hudson,P,,0,0,.000,.000,.000,6,45,4.98,1.50
667463,John King,P,,0,0,.000,.000,.000,2,20,3.62,1.47
668800,Andrew Knizner,C,,10,31,.241,.288,.424,0,0,0.0,0.0
596271,Casey Lawrence,P,,0,0,.000,.000,.000,1,20,6.59,1.54
681517,Kyle Leahy,P,,0,0,.000,.000,.000,0,2,21.60,5.40
669461,Matthew Liberatore,P,,0,0,.000,.000,.000,3,46,5.25,1.48
676761,Irving Lopez,2B,,0,1,.000,.000,.000,0,0,0.0,0.0
571927,Steven Matz,P,,0,0,.000,.000,.000,4,98,3.86,1.33
640458,Óscar Mercado,CF,,0,5,.290,.313,.387,0,0,0.0,0.0
571945,Miles Mikolas,P,,0,0,.000,.000,.000,9,137,4.78,1.32
656756,Jordan Montgomery,P,,0,0,.000,.000,.000,10,166,3.20,1.19
600301,Taylor Motter,2B,,0,2,.171,.232,.211,0,0,0.0,0.0
664942,James Naile,P,,0,0,.000,.000,.000,0,7,8.80,2.35
676050,Packy Naughton,P,,0,0,.000,.000,.000,0,5,0.00,0.60
663457,Lars Nootbaar,RF,,14,46,.261,.367,.418,0,0,0.0,0.0
641933,Tyler O'Neill,LF,,9,21,.231,.312,.403,0,0,0.0,0.0
680700,Richie Palacios,2B,,6,16,.258,.307,.516,0,0,0.0,0.0
669467,Andre Pallante,P,,0,0,.000,.000,.000,4,43,4.76,1.56
578570,Juniel Querecuto,3B,,0,0,.100,.143,.150,0,0,0.0,0.0
680723,Drew Rom,P,,0,0,.000,.000,.000,1,32,8.02,2.08
668941,JoJo Romero,P,,0,0,.000,.000,.000,4,42,3.68,1.06
672279,Michael Siani,CF,,0,0,.000,.167,.000,0,0,0.0,0.0
608717,Chris Stratton,P,,0,0,.000,.000,.000,2,81,3.92,1.14
605498,Andrew Suárez,P,,0,0,.000,.000,.000,0,17,7.16,1.73
572193,Ryan Tepera,P,,0,0,.000,.000,.000,2,11,7.59,2.06
668868,Zack Thompson,P,,0,0,.000,.000,.000,5,72,4.48,1.42
572403,Drew VerHagen,P,,0,0,.000,.000,.000,5,60,3.98,1.28
425794,Adam Wainwright,P,,0,0,.000,.000,.000,5,55,7.40,1.90
691023,Jordan Walker,RF,,16,51,.276,.342,.445,0,0,0.0,0.0
691026,Masyn Winn,SS,,2,12,.172,.230,.238,0,0,0.0,0.0
663765,Jake Woodford,P,,0,0,.000,.000,.000,2,29,6.23,1.74
660766,Juan Yepez,1B,,2,2,.183,.246,.300,0,0,0.0,0.0
670871,Guillo Zuñiga,P,,0,0,.000,.000,.000,0,4,4.50,1.00
592094,Jason Adam,P,,0,0,.000,.000,.000,4,69,2.98,1.01
502624,Chase Anderson,P,,0,0,.000,.000,.000,1,64,5.42,1.42
666018,Jonathan Aranda,1B,,2,13,.230,.340,.368,0,0,0.0,0.0
542888,Shawn Armstrong,P,,0,0,.000,.000,.000,1,54,1.38,0.90
668227,Randy Arozarena,LF,,23,83,.254,.364,.425,0,0,0.0,0.0
678545,Osleivis Basabe,SS,,1,12,.218,.277,.310,0,0,0.0,0.0
656222,Jalen Beeks,P,,0,0,.000,.000,.000,2,47,5.95,1.49
542194,Christian Bethancourt,C,,11,33,.225,.254,.381,0,0,81.00,9.00
671737,Taj Bradley,P,,0,0,.000,.000,.000,5,129,5.59,1.39
668754,Braden Bristo,P,,0,0,.000,.000,.000,0,5,2.57,1.29
660644,Vidal Bruján,SS,,0,6,.171,.241,.197,0,0,0.0,0.0
641420,Zack Burdi,P,,0,0,.000,.000,.000,0,5,11.25,2.00
691406,Junior Caminero,3B,,1,7,.235,.278,.353,0,0,0.0,0.0
630023,Yonny Chirinos,P,,0,0,.000,.000,.000,5,53,5.40,1.39
650644,Aaron Civale,P,,0,0,.000,.000,.000,7,116,3.46,1.16
664076,Garrett Cleavinger,P,,0,0,.000,.000,.000,1,14,3.00,1.00
681867,Cooper Criswell,P,,0,0,.000,.000,.000,1,27,5.73,1.55
606965,Chris Devenski,P,,0,0,.000,.000,.000,6,42,4.46,1.11
650490,Yandy Díaz,1B,,22,78,.330,.410,.522,0,0,0.0,0.0
518617,Jake Diekman,P,,0,0,.000,.000,.000,0,64,3.34,1.32
621107,Zach Eflin,P,,0,0,.000,.000,.000,16,186,3.50,1.02
664126,Pete Fairbanks,P,,0,0,.000,.000,.000,2,68,2.58,1.01
676534,Calvin Faucher,P,,0,0,.000,.000,.000,1,25,7.01,1.68
676596,Josh Fleming,P,,0,0,.000,.000,.000,2,25,4.70,1.45
677551,Wander Franco,SS,,17,58,.281,.344,.475,0,0,0.0,0.0
607192,Tyler Glasnow,P,,0,0,.000,.000,.000,10,162,3.53,1.08
656484,Tristan Gray,3B,,1,1,.400,.400,1.000,0,0,0.0,0.0
642770,Javy Guerra,P,,0,0,.000,.000,.000,0,14,6.05,2.02
592390,Heath Hembree,P,,0,0,.000,.000,.000,0,2,0.00,0.75
665001,Trevor Kelley,P,,0,0,.000,.000,.000,0,11,5.87,1.43
687330,Kevin Kelly,P,,0,0,.000,.000,.000,5,56,3.09,1.01
552640,Andrew Kittredge,P,,0,0,.000,.000,.000,2,10,3.09,1.20
686747,Joe La Sorsa,P,,0,0,.000,.000,.000,1,28,4.41,1.26
641793,Zack Littell,P,,0,0,.000,.000,.000,3,74,4.10,1.18
682052,Jacob Lopez,P,,0,0,.000,.000,.000,1,8,4.38,1.30
673111,José Lopez,P,,0,0,.000,.000,.000,0,2,4.50,2.00
664040,Brandon Lowe,2B,,21,68,.231,.328,.443,0,0,0.0,0.0
666139,Josh Lowe,RF,,20,83,.292,.335,.500,0,0,0.0,0.0
622534,Manuel Margot,LF,,4,38,.264,.310,.376,0,0,0.0,0.0
663556,Shane McClanahan,P,,0,0,.000,.000,.000,11,121,3.29,1.18
678554,Curtis Mead,2B,,1,5,.253,.326,.349,0,0,0.0,0.0
642336,Francisco Mejía,C,,5,19,.227,.258,.400,0,0,0.0,0.0
670623,Isaac Paredes,3B,,31,98,.250,.352,.488,0,0,0.0,0.0
672715,Luis Patiño,P,,0,0,.000,.000,.000,0,18,4.57,1.62
660431,Hector Perez,P,,0,0,.000,.000,.000,0,0,27.00,12.00
650907,René Pinto,C,,6,16,.252,.267,.456,0,0,45.00,5.00
621363,Colin Poche,P,,0,0,.000,.000,.000,12,61,2.23,1.09
670042,Luke Raley,LF,,19,49,.249,.333,.490,0,1,30.38,4.13
541640,Erasmo Ramírez,P,,0,0,.000,.000,.000,3,43,6.41,1.57
623912,Harold Ramírez,RF,,12,68,.313,.353,.460,0,0,0.0,0.0
656876,Drew Rasmussen,P,,0,0,.000,.000,.000,4,47,2.62,1.05
660730,Elvin Rodriguez,P,,0,0,.000,.000,.000,0,5,0.00,0.00
642350,Jose Siri,CF,,25,56,.222,.267,.494,0,0,0.0,0.0
605488,Jeffrey Springs,P,,0,0,.000,.000,.000,2,24,0.56,0.50
596112,Robert Stephenson,P,,0,0,.000,.000,.000,3,77,3.10,0.88
606132,Raimel Tapia,RF,,3,13,.236,.317,.338,0,0,0.0,0.0
657044,Ryan Thompson,P,,0,0,.000,.000,.000,1,21,3.82,0.91
670764,Taylor Walls,SS,,8,36,.201,.305,.333,0,0,0.0,0.0
681982,Grant Anderson,P,,0,0,.000,.000,.000,2,30,5.05,1.46
669618,Joe Barlow,P,,0,0,.000,.000,.000,1,6,4.66,1.55
674003,Cody Bradford,P,,0,0,.000,.000,.000,4,51,5.30,1.21
656271,Brock Burke,P,,0,0,.000,.000,.000,5,52,4.37,1.22
694497,Evan Carter,LF,,5,12,.306,.413,.645,0,0,0.0,0.0
547973,Aroldis Chapman,P,,0,0,.000,.000,.000,6,103,3.09,1.25
641540,Dane Dunning,P,,0,0,.000,.000,.000,12,140,3.70,1.26
677649,Ezequiel Duran,3B,,14,46,.276,.324,.443,0,0,0.0,0.0
543135,Nathan Eovaldi,P,,0,0,.000,.000,.000,12,132,3.63,1.14
666969,Adolis García,RF,,39,107,.245,.328,.508,0,0,0.0,0.0
641598,Mitch Garver,DH,,19,50,.270,.370,.500,0,0,0.0,0.0
592351,Jon Gray,P,,0,0,.000,.000,.000,9,142,4.12,1.29
543257,Robbie Grossman,LF,,10,49,.238,.340,.394,0,0,0.0,0.0
571760,Andrew Heaney,P,,0,0,.000,.000,.000,10,151,4.15,1.38
621368,Taylor Hearn,P,,0,0,.000,.000,.000,0,15,11.40,2.07
595978,Austin Hedges,C,,1,16,.184,.234,.227,0,1,4.91,1.36
641680,Jonah Heim,C,,18,95,.258,.317,.438,0,0,0.0,0.0
642546,Jonathan Hernández,P,,0,0,.000,.000,.000,1,34,5.40,1.58
675921,Spencer Howard,P,,0,0,.000,.000,.000,0,2,10.80,2.10
669087,Sam Huff,C,,3,6,.256,.289,.512,0,0,0.0,0.0
608671,Travis Jankowski,CF,,1,30,.263,.357,.332,0,0,0.0,0.0
673962,Josh Jung,3B,,23,70,.266,.315,.467,0,0,0.0,0.0
453178,Ian Kennedy,P,,0,0,.000,.000,.000,0,21,7.16,1.41
667463,John King,P,,0,0,.000,.000,.000,2,20,3.62,1.47
656641,Jacob Latz,P,,0,0,.000,.000,.000,0,5,0.00,0.63
600917,José Leclerc,P,,0,0,.000,.000,.000,0,67,2.68,1.14
506702,Sandy León,C,,0,4,.146,.186,.195,0,0,18.00,1.00
663993,Nathaniel Lowe,1B,,17,82,.262,.360,.414,0,0,0.0,0.0
679881,J.P. Martínez,RF,,1,4,.225,.250,.325,0,0,0.0,0.0
543543,Brad Miller,DH,,1,6,.214,.328,.339,0,0,13.50,2.00
656756,Jordan Montgomery,P,,0,0,.000,.000,.000,10,166,3.20,1.19
680716,Jonathan Ornelas,3B,,0,0,.143,.250,.143,0,0,0.0,0.0
657248,Glenn Otto,P,,0,0,.000,.000,.000,0,11,10.13,1.88
527048,Martín Pérez,P,,0,0,.000,.000,.000,10,93,4.45,1.40
666142,Cole Ragans,P,,0,0,.000,.000,.000,7,113,3.47,1.16
666720,Yerry Rodríguez,P,,0,0,.000,.000,.000,0,15,7.90,1.90
622250,Josh Sborz,P,,0,0,.000,.000,.000,6,66,5.50,1.15
453286,Max Scherzer,P,,0,0,.000,.000,.000,13,174,3.77,1.12
608369,Corey Seager,SS,,33,96,.327,.390,.623,0,0,0.0,0.0
543760,Marcus Semien,2B,,29,100,.276,.348,.478,0,0,0.0,0.0
669701,Josh Smith,3B,,6,15,.185,.304,.328,0,0,0.0,0.0
519293,Will Smith,P,,0,0,.000,.000,.000,2,55,4.40,1.06
666208,Alex Speas,P,,0,0,.000,.000,.000,0,4,13.50,3.50
608717,Chris Stratton,P,,0,0,.000,.000,.000,2,81,3.92,1.14
665750,Leody Taveras,CF,,14,67,.266,.312,.421,0,0,0.0,0.0
669352,Bubba Thompson,CF,,0,4,.170,.237,.283,0,0,0.0,0.0
669391,Owen White,P,,0,0,.000,.000,.000,0,4,11.25,1.75
594798,Jacob deGrom,P,,0,0,.000,.000,.000,2,45,2.67,0.76
542914,Anthony Bass,P,,0,0,.000,.000,.000,0,19,4.95,1.40
605135,Chris Bassitt,P,,0,0,.000,.000,.000,16,186,3.60,1.18
474832,Brandon Belt,DH,,19,43,.254,.369,.490,0,0,0.0,0.0
621244,José Berríos,P,,0,0,.000,.000,.000,11,184,3.65,1.19
666182,Bo Bichette,SS,,20,73,.306,.339,.475,0,0,0.0,0.0
624415,Cavan Biggio,2B,,9,40,.235,.340,.370,0,0,0.0,0.0
650893,Génesis Cabrera,P,,0,0,.000,.000,.000,2,58,4.04,1.31
656305,Matt Chapman,3B,,17,54,.240,.330,.424,0,0,0.0,0.0
643256,Adam Cimber,P,,0,0,.000,.000,.000,0,12,7.40,1.55
676391,Ernie Clement,3B,,1,10,.380,.385,.500,0,0,9.00,3.00
668470,Hagen Danner,P,,0,0,.000,.000,.000,0,0,0.00,0.00
657557,Paul DeJong,SS,,14,38,.207,.258,.355,0,0,0.0,0.0
686490,Cam Eden,CF,,0,0,.167,.167,.167,0,0,0.0,0.0
669289,Santiago Espinal,3B,,2,25,.248,.310,.335,0,0,0.0,0.0
670102,Bowden Francis,P,,0,0,.000,.000,.000,1,35,1.73,0.83
554340,Yimi García,P,,0,0,.000,.000,.000,3,79,4.09,1.24
592332,Kevin Gausman,P,,0,0,.000,.000,.000,12,237,3.16,1.18
643338,Chad Green,P,,0,0,.000,.000,.000,3,16,5.25,1.33
665489,Vladimir Guerrero Jr.,1B,,26,94,.264,.345,.444,0,0,0.0,0.0
641672,Thomas Hatch,P,,0,0,.000,.000,.000,1,26,4.08,1.57
623168,Tyler Heineman,C,,0,3,.237,.383,.316,0,0,0.0,0.0
663855,Jordan Hicks,P,,0,0,.000,.000,.000,3,81,3.29,1.36
687462,Spencer Horwitz,1B,,1,7,.256,.341,.385,0,0,0.0,0.0
543351,Jay Jackson,P,,0,0,.000,.000,.000,3,27,2.12,0.91
643376,Danny Jansen,C,,17,53,.228,.312,.474,0,0,0.0,0.0
595281,Kevin Kiermaier,CF,,8,36,.265,.322,.419,0,0,0.0,0.0
672386,Alejandro Kirk,C,,8,43,.250,.334,.358,0,0,0.0,0.0
664770,Nathan Lukes,LF,,0,2,.192,.290,.308,0,0,0.0,0.0
656669,Jordan Luplow,LF,,2,5,.208,.322,.325,0,0,13.50,0.75
666201,Alek Manoah,P,,0,0,.000,.000,.000,3,79,5.87,1.74
641835,Tim Mayza,P,,0,0,.000,.000,.000,3,53,1.52,1.22
669200,Mason McCoy,SS,,0,0,.000,.000,.000,0,0,0.0,0.0
593160,Whit Merrifield,2B,,11,67,.272,.318,.382,0,0,0.0,0.0
641149,Wes Parsons,P,,0,0,.000,.000,.000,0,3,20.25,3.25
663878,Nate Pearson,P,,0,0,.000,.000,.000,5,43,4.85,1.27
647315,Zach Pop,P,,0,0,.000,.000,.000,1,14,6.59,1.24
670950,Trevor Richards,P,,0,0,.000,.000,.000,2,105,4.95,1.35
605447,Jordan Romano,P,,0,0,.000,.000,.000,5,72,2.90,1.22
547943,Hyun Jin Ryu,P,,0,0,.000,.000,.000,3,38,3.46,1.29
676914,Davis Schneider,LF,,8,20,.276,.404,.603,0,0,0.0,0.0
543807,George Springer,RF,,21,72,.258,.327,.405,0,0,0.0,0.0
657024,Erik Swanson,P,,0,0,.000,.000,.000,4,75,2.97,1.10
663423,Trent Thornton,P,,0,0,.000,.000,.000,1,26,2.01,1.15
662139,Daulton Varsho,CF,,20,61,.220,.285,.389,0,0,0.0,0.0
669952,Mitch White,P,,0,0,.000,.000,.000,0,13,7.11,1.74
660896,Jorge Alcala,P,,0,0,.000,.000,.000,0,16,6.23,1.38
666364,Jordan Balazovic,P,,0,0,.000,.000,.000,1,17,4.44,1.56
621439,Byron Buxton,CF,,17,42,.207,.294,.438,0,0,0.0,0.0
650489,Willi Castro,SS,,9,34,.257,.339,.411,0,0,11.57,2.14
621043,Carlos Correa,SS,,18,65,.230,.312,.399,0,0,0.0,0.0
592254,José De León,P,,0,0,.000,.000,.000,0,17,4.67,1.21
661395,Jhoan Duran,P,,0,0,.000,.000,.000,3,84,2.45,1.14
571657,Kyle Farmer,2B,,11,46,.256,.317,.408,0,0,0.0,0.0
571670,Dylan Floro,P,,0,0,.000,.000,.000,5,58,4.76,1.54
681892,Kody Funderburk,P,,0,0,.000,.000,.000,2,19,0.75,0.92
608336,Joey Gallo,1B,,21,40,.177,.301,.440,0,0,0.0,0.0
664247,Kyle Garlick,LF,,2,4,.179,.233,.429,0,0,0.0,0.0
624503,Nick Gordon,LF,,2,7,.176,.185,.319,0,0,0.0,0.0
543243,Sonny Gray,P,,0,0,.000,.000,.000,8,183,2.79,1.15
687396,Brent Headrick,P,,0,0,.000,.000,.000,3,30,6.31,1.44
643377,Griffin Jax,P,,0,0,.000,.000,.000,6,68,3.86,1.18
680777,Ryan Jeffers,C,,14,43,.276,.369,.490,0,0,0.0,0.0
666397,Edouard Julien,2B,,16,37,.263,.381,.459,0,0,0.0,0.0
596146,Max Kepler,RF,,24,66,.260,.332,.484,0,0,0.0,0.0
572971,Dallas Keuchel,P,,0,0,.000,.000,.000,2,25,5.97,1.67
666135,Alex Kirilloff,LF,,11,41,.270,.348,.445,0,0,0.0,0.0
663616,Trevor Larnach,LF,,8,40,.213,.311,.415,0,0,0.0,0.0
668904,Royce Lewis,3B,,15,52,.309,.372,.548,0,0,0.0,0.0
605347,Jorge López,P,,0,0,.000,.000,.000,6,49,5.95,1.51
641154,Pablo López,P,,0,0,.000,.000,.000,11,234,3.66,1.15
656669,Jordan Luplow,LF,,2,5,.208,.322,.325,0,0,13.50,0.75
628317,Kenta Maeda,P,,0,0,.000,.000,.000,6,117,4.23,1.17
641816,Tyler Mahle,P,,0,0,.000,.000,.000,1,28,3.16,1.05
669304,Jose Miranda,3B,,3,13,.211,.263,.303,0,0,0.0,0.0
663558,Jovani Moran,P,,0,0,.000,.000,.000,2,48,5.31,1.46
641927,Bailey Ober,P,,0,0,.000,.000,.000,8,146,3.43,1.07
661383,Oliver Ortega,P,,0,0,.000,.000,.000,0,14,4.30,1.23
663978,Chris Paddack,P,,0,0,.000,.000,.000,1,8,5.40,1.40
641941,Emilio Pagán,P,,0,0,.000,.000,.000,5,65,2.99,0.95
593871,Jorge Polanco,2B,,14,48,.255,.335,.454,0,0,0.0,0.0
605446,Dereck Rodríguez,P,,0,0,.000,.000,.000,0,1,15.19,2.63
657746,Joe Ryan,P,,0,0,.000,.000,.000,11,197,4.51,1.17
663485,Cole Sands,P,,0,0,.000,.000,.000,0,21,3.74,1.52
456781,Donovan Solano,3B,,5,38,.282,.369,.391,0,0,0.0,0.0
664057,Andrew Stevenson,CF,,0,1,.189,.250,.216,0,0,0.0,0.0
592779,Brock Stewart,P,,0,0,.000,.000,.000,2,39,0.65,1.08
572191,Michael A. Taylor,CF,,21,51,.220,.278,.442,0,0,0.0,0.0
573204,Caleb Thielbar,P,,0,0,.000,.000,.000,3,36,3.23,0.95
686973,Louie Varland,P,,0,0,.000,.000,.000,4,71,4.63,1.22
543877,Christian Vázquez,C,,6,32,.223,.280,.318,0,0,0.0,0.0
670242,Matt Wallner,RF,,14,41,.249,.370,.507,0,0,0.0,0.0
680739,Josh Winder,P,,0,0,.000,.000,.000,2,28,4.15,1.41
680573,Simeon Woods Richardson,P,,0,0,.000,.000,.000,0,5,9.64,2.14
621237,José Alvarado,P,,0,0,.000,.000,.000,0,64,1.74,1.16
571479,Andrew Bellatti,P,,0,0,.000,.000,.000,1,25,5.11,1.50
664761,Alec Bohm,3B,,20,97,.274,.327,.437,0,0,0.0,0.0
641401,Connor Brogdon,P,,0,0,.000,.000,.000,2,26,4.03,1.45
592206,Nick Castellanos,RF,,29,106,.272,.311,.476,0,0,0.0,0.0
666801,Rodolfo Castro,SS,,6,24,.211,.297,.322,0,0,0.0,0.0
595909,Jake Cave,RF,,5,21,.212,.272,.348,0,0,0.0,0.0
665019,Kody Clemens,1B,,4,13,.230,.277,.367,0,1,3.38,2.63
592229,Dylan Covey,P,,0,0,.000,.000,.000,1,30,3.77,1.51
622554,Seranthony Domínguez,P,,0,0,.000,.000,.000,5,48,3.78,1.40
656403,Drew Ellis,3B,,2,4,.217,.379,.478,0,0,0.0,0.0
663559,Bailey Falter,P,,0,0,.000,.000,.000,2,60,5.36,1.41
656495,Dalton Guthrie,LF,,0,0,.167,.286,.208,0,0,0.0,0.0
669742,Darick Hall,1B,,1,3,.167,.196,.241,0,0,0.0,0.0
547180,Bryce Harper,1B,,21,72,.293,.401,.499,0,0,0.0,0.0
543281,Josh Harrison,3B,,2,10,.204,.263,.291,0,0,27.00,6.00
656546,Jeff Hoffman,P,,0,0,.000,.000,.000,5,69,2.41,0.92
689147,Orion Kerkering,P,,0,0,.000,.000,.000,1,6,3.00,1.67
518886,Craig Kimbrel,P,,0,0,.000,.000,.000,8,94,3.26,1.04
547179,Michael Lorenzen,P,,0,0,.000,.000,.000,9,111,4.18,1.21
669016,Brandon Marsh,LF,,12,60,.277,.372,.458,0,0,0.0,0.0
628708,Yunior Marte,P,,0,0,.000,.000,.000,1,38,5.03,1.63
686842,McKinley Moore,P,,0,0,.000,.000,.000,0,2,18.90,3.00
656793,Nick Nelson,P,,0,0,.000,.000,.000,1,3,1.69,0.75
605400,Aaron Nola,P,,0,0,.000,.000,.000,12,202,4.46,1.15
656814,Luis F. Ortiz,P,,0,0,.000,.000,.000,0,16,3.32,1.47
665506,Cristian Pache,OF,,2,11,.238,.319,.417,0,0,0.0,0.0
674681,Michael Plassmeyer,P,,0,0,.000,.000,.000,0,4,22.09,2.18
592663,J.T. Realmuto,C,,20,63,.252,.310,.452,0,0,0.0,0.0
679032,Johan Rojas,CF,,2,23,.302,.342,.430,0,0,0.0,0.0
650911,Cristopher Sánchez,P,,0,0,.000,.000,.000,3,96,3.44,1.05
656941,Kyle Schwarber,DH,,47,104,.197,.343,.474,0,0,0.0,0.0
624641,Edmundo Sosa,SS,,10,30,.251,.293,.427,0,0,0.0,0.0
642397,Gregory Soto,P,,0,0,.000,.000,.000,3,65,4.62,1.14
681082,Bryson Stott,2B,,15,62,.280,.329,.419,0,0,0.0,0.0
621381,Matt Strahm,P,,0,0,.000,.000,.000,9,108,3.29,1.02
596117,Garrett Stubbs,C,,1,12,.204,.274,.283,0,0,0.0,0.0
624133,Ranger Suárez,P,,0,0,.000,.000,.000,4,119,4.18,1.42
607208,Trea Turner,SS,,26,76,.266,.320,.459,0,0,0.0,0.0
657272,Erich Uelmen,P,,0,0,.000,.000,.000,0,1,36.00,5.00
607755,Andrew Vasquez,P,,0,0,.000,.000,.000,2,43,3.35,1.43
592836,Taijuan Walker,P,,0,0,.000,.000,.000,15,138,4.38,1.31
554430,Zack Wheeler,P,,0,0,.000,.000,.000,13,212,3.61,1.08
642215,Weston Wilson,LF,,1,2,.313,.500,.500,0,0,0.0,0.0
660670,Ronald Acuña Jr.,RF,,41,106,.337,.416,.596,0,0,0.0,0.0
501303,Ehire Adrianza,3B,,0,0,.000,.091,.000,0,0,0.0,0.0
645277,Ozzie Albies,2B,,33,109,.280,.336,.513,0,0,0.0,0.0
663465,Kolby Allard,P,,0,0,.000,.000,.000,0,13,6.57,1.62
623433,Nick Anderson,P,,0,0,.000,.000,.000,4,36,3.06,1.10
606115,Orlando Arcia,SS,,17,65,.264,.321,.420,0,0,0.0,0.0
445926,Jesse Chavez,P,,0,0,.000,.000,.000,1,39,1.56,1.10
630023,Yonny Chirinos,P,,0,0,.000,.000,.000,5,53,5.40,1.39
518586,Charlie Culberson,1B,,0,0,1.000,1.000,1.000,0,0,0.0,0.0
689266,Dylan Dodd,P,,0,0,.000,.000,.000,2,15,7.60,1.89
693821,Bryce Elder,P,,0,0,.000,.000,.000,12,128,3.81,1.28
608331,Max Fried,P,,0,0,.000,.000,.000,8,80,2.55,1.13
687093,Vaughn Grissom,2B,,0,9,.280,.313,.347,0,0,0.0,0.0
543272,Brad Hand,P,,0,0,.000,.000,.000,5,59,5.53,1.42
671739,Michael Harris II,CF,,18,57,.293,.331,.477,0,0,0.0,0.0
621294,Ben Heller,P,,0,0,.000,.000,.000,0,16,3.86,1.45
678226,Daysbel Hernández,P,,0,0,.000,.000,.000,1,6,7.36,2.45
656541,Sam Hilliard,LF,,3,6,.236,.295,.431,0,0,0.0,0.0
628452,Raisel Iglesias,P,,0,0,.000,.000,.000,5,68,2.75,1.19
641729,Joe Jiménez,P,,0,0,.000,.000,.000,0,73,3.04,1.15
572955,Pierce Johnson,P,,0,0,.000,.000,.000,2,90,4.02,1.48
669276,Dylan Lee,P,,0,0,.000,.000,.000,1,24,4.18,1.35
670032,Nicky Lopez,2B,,1,25,.231,.326,.307,0,0,7.71,2.57
476595,Lucas Luetge,P,,0,0,.000,.000,.000,1,14,7.24,1.76
543521,Collin McHugh,P,,0,0,.000,.000,.000,4,47,4.30,1.57
621345,A.J. Minter,P,,0,0,.000,.000,.000,3,82,3.76,1.19
450203,Charlie Morton,P,,0,0,.000,.000,.000,14,183,3.64,1.43
669221,Sean Murphy,C,,21,68,.251,.365,.478,0,0,0.0,0.0
621566,Matt Olson,1B,,54,139,.283,.389,.604,0,0,0.0,0.0
542303,Marcell Ozuna,DH,,40,100,.274,.346,.558,0,0,0.0,0.0
607680,Kevin Pillar,LF,,9,32,.228,.248,.416,0,0,0.0,0.0
663586,Austin Riley,3B,,37,97,.281,.345,.516,0,0,0.0,0.0
605446,Dereck Rodríguez,P,,0,0,.000,.000,.000,0,1,15.19,2.63
592696,Eddie Rosario,LF,,21,74,.255,.305,.450,0,0,0.0,0.0
669699,Braden Shewmake,SS,,0,0,.000,.000,.000,0,0,0.0,0.0
694363,Jared Shuster,P,,0,0,.000,.000,.000,4,30,5.81,1.50
700363,AJ Smith-Shawver,P,,0,0,.000,.000,.000,1,20,4.26,1.11
669256,Nick Solak,OF,,0,0,.000,.000,.000,0,0,0.0,0.0
647336,Michael Soroka,P,,0,0,.000,.000,.000,2,29,6.40,1.48
623451,Jackson Stephens,P,,0,0,.000,.000,.000,0,11,3.00,1.50
675911,Spencer Strider,P,,0,0,.000,.000,.000,20,281,3.86,1.09
543859,Michael Tonkin,P,,0,0,.000,.000,.000,7,75,4.28,1.09
644433,Chadwick Tromp,C,,0,1,.125,.125,.188,0,0,0.0,0.0
670241,Darius Vines,P,,0,0,.000,.000,.000,1,14,3.98,1.08
657088,Forrest Wall,LF,,1,2,.462,.533,.846,0,0,0.0,0.0
642201,Eli White,LF,,0,0,.071,.235,.071,0,0,0.0,0.0
663897,Luke Williams,LF,,0,0,.053,.053,.053,0,0,0.00,0.00
642216,Allan Winans,P,,0,0,.000,.000,.000,1,34,5.29,1.39
657140,Kyle Wright,P,,0,0,.000,.000,.000,1,34,6.97,1.84
489446,Kirby Yates,P,,0,0,.000,.000,.000,7,80,3.28,1.19
664849,Danny Young,P,,0,0,.000,.000,.000,0,11,1.08,1.08
518595,Travis d'Arnaud,C,,11,39,.225,.288,.397,0,0,0.0,0.0
593643,Hanser Alberto,3B,,3,16,.220,.261,.390,0,1,21.60,4.20
641313,Tim Anderson,SS,,1,25,.245,.286,.296,0,0,0.0,0.0
462101,Elvis Andrus,SS,,6,44,.251,.304,.358,0,0,0.0,0.0
621383,Tanner Banks,P,,0,0,.000,.000,.000,1,51,4.43,1.23
643217,Andrew Benintendi,LF,,5,45,.262,.326,.356,0,0,0.0,0.0
607481,Aaron Bummer,P,,0,0,.000,.000,.000,5,78,6.79,1.53
669394,Jake Burger,3B,,34,80,.250,.309,.518,0,0,0.0,0.0
656302,Dylan Cease,P,,0,0,.000,.000,.000,7,214,4.58,1.42
605182,Mike Clevinger,P,,0,0,.000,.000,.000,9,110,3.77,1.23
693049,Oscar Colás,RF,,5,19,.216,.257,.314,0,0,0.0,0.0
517008,Alex Colomé,P,,0,0,.000,.000,.000,0,2,6.00,1.67
676979,Garrett Crochet,P,,0,0,.000,.000,.000,0,12,3.55,1.97
686539,Declan Cronin,P,,0,0,.000,.000,.000,0,8,9.00,1.64
518617,Jake Diekman,P,,0,0,.000,.000,.000,0,64,3.34,1.32
640449,Clint Frazier,RF,,0,3,.197,.303,.242,0,0,0.0,0.0
665620,Deivi García,P,,0,0,.000,.000,.000,0,10,2.40,1.40
608337,Lucas Giolito,P,,0,0,.000,.000,.000,8,204,4.88,1.31
663853,Romy Gonzalez,2B,,3,14,.194,.208,.376,0,0,0.0,0.0
518735,Yasmani Grandal,C,,8,33,.234,.309,.339,0,0,0.0,0.0
608665,Kendall Graveman,P,,0,0,.000,.000,.000,5,66,3.12,1.31
571740,Billy Hamilton,RF,,0,0,.000,.000,.000,0,0,0.0,0.0
656514,Adam Haseley,RF,,0,2,.222,.282,.278,0,0,0.0,0.0
521230,Liam Hendriks,P,,0,0,.000,.000,.000,2,3,5.40,1.00
641703,Brent Honeywell,P,,0,0,.000,.000,.000,2,45,4.82,1.45
650391,Eloy Jiménez,DH,,18,64,.272,.317,.441,0,0,0.0,0.0
523260,Joe Kelly,P,,0,0,.000,.000,.000,2,60,4.12,1.19
656629,Michael Kopech,P,,0,0,.000,.000,.000,5,134,5.43,1.59
669424,Jimmy Lambert,P,,0,0,.000,.000,.000,2,41,5.26,1.62
686676,Korey Lee,C,,1,3,.077,.143,.138,0,0,0.0,0.0
625643,Reynaldo López,P,,0,0,.000,.000,.000,3,83,3.27,1.27
458681,Lance Lynn,P,,0,0,.000,.000,.000,13,191,5.73,1.39
545350,Jake Marisnick,CF,,2,10,.237,.280,.408,0,0,0.0,0.0
641871,Keynan Middleton,P,,0,0,.000,.000,.000,2,64,3.38,1.24
660162,Yoán Moncada,3B,,11,40,.260,.305,.425,0,0,0.0,0.0
571980,Tyler Naquin,LF,,0,0,.000,.000,.000,0,0,0.0,0.0
679346,Edgar Navarro,P,,0,0,.000,.000,.000,0,9,7.27,1.50
656820,Nicholas Padilla,P,,0,0,.000,.000,.000,0,6,5.79,2.14
672715,Luis Patiño,P,,0,0,.000,.000,.000,0,18,4.57,1.62
671111,Sammy Peralta,P,,0,0,.000,.000,.000,2,18,4.05,1.50
656024,Carlos Pérez,C,,1,3,.204,.264,.347,0,0,0.0,0.0
670990,Yohan Ramírez,P,,0,0,.000,.000,.000,1,35,4.23,1.46
682010,Lane Ramsey,P,,0,0,.000,.000,.000,1,18,5.85,1.70
621545,Zach Remillard,2B,,1,18,.252,.295,.320,0,0,0.0,0.0
673357,Luis Robert Jr.,CF,,38,80,.264,.315,.542,0,0,0.0,0.0
679563,José Rodríguez,SS,,0,0,.000,.000,.000,0,0,0.0,0.0
614179,José Ruiz,P,,0,0,.000,.000,.000,2,39,5.89,1.65
666619,Gregory Santos,P,,0,0,.000,.000,.000,2,66,3.39,1.30
669947,Jesse Scholtens,P,,0,0,.000,.000,.000,1,58,5.29,1.53
543766,Bryan Shaw,P,,0,0,.000,.000,.000,0,40,4.14,1.23
657757,Gavin Sheets,1B,,10,43,.203,.267,.331,0,0,0.0,0.0
672820,Lenyn Sosa,3B,,6,14,.201,.224,.348,0,0,0.0,0.0
572204,Trayce Thompson,RF,,6,17,.163,.285,.294,0,0,0.0,0.0
657053,Touki Toussaint,P,,0,0,.000,.000,.000,4,85,4.97,1.45
570632,José Ureña,P,,0,0,.000,.000,.000,0,29,6.45,1.61
683734,Andrew Vaughn,1B,,21,80,.258,.314,.429,0,0,0.0,0.0
664874,Seby Zavala,C,,7,18,.171,.230,.314,0,0,0.00,0.00
645261,Sandy Alcantara,P,,0,0,.000,.000,.000,7,151,4.14,1.21
676070,Jacob Amaya,SS,,0,2,.222,.222,.222,0,0,0.0,0.0
650333,Luis Arraez,1B,,10,69,.354,.393,.469,0,0,0.0,0.0
598264,Matt Barnes,P,,0,0,.000,.000,.000,1,20,5.48,1.64
605137,Josh Bell,1B,,22,74,.247,.325,.419,0,0,0.0,0.0
542932,Jon Berti,3B,,7,33,.294,.344,.405,0,0,0.0,0.0
605151,Archie Bradley,P,,0,0,.000,.000,.000,0,7,11.05,2.18
623211,Huascar Brazobán,P,,0,0,.000,.000,.000,5,65,4.14,1.43
680814,Peyton Burdick,CF,,1,2,.182,.270,.333,0,0,0.0,0.0
669394,Jake Burger,3B,,34,80,.250,.309,.518,0,0,0.0,0.0
665795,Edward Cabrera,P,,0,0,.000,.000,.000,7,118,4.24,1.44
641447,Daniel Castano,P,,0,0,.000,.000,.000,0,4,21.00,3.33
608638,JT Chargois,P,,0,0,.000,.000,.000,1,35,3.61,1.25
665862,Jazz Chisholm Jr.,3B,,19,51,.250,.304,.457,0,0,0.0,0.0
643265,Garrett Cooper,1B,,17,61,.251,.304,.419,0,0,0.0,0.0
456501,Johnny Cueto,P,,0,0,.000,.000,.000,1,39,6.02,1.26
641505,Jonathan Davis,CF,,2,10,.244,.307,.378,0,0,0.0,0.0
646241,Enmanuel De Jesus,P,,0,0,.000,.000,.000,0,5,11.37,2.05
650559,Bryan De La Cruz,OF,,19,78,.257,.304,.411,0,0,0.0,0.0
669364,Xavier Edwards,SS,,0,3,.295,.329,.333,0,0,0.0,0.0
571670,Dylan Floro,P,,0,0,.000,.000,.000,5,58,4.76,1.54
663743,Nick Fortes,C,,6,26,.204,.263,.299,0,0,0.0,0.0
541645,Avisaíl García,RF,,3,12,.185,.241,.315,0,0,0.0,0.0
676395,Robert Garcia,P,,0,0,.000,.000,.000,2,33,3.66,1.19
666129,Braxton Garrett,P,,0,0,.000,.000,.000,9,156,3.66,1.15
592346,Chi Chi González,P,,0,0,.000,.000,.000,0,3,7.36,2.18
493329,Yuli Gurriel,1B,,4,27,.245,.304,.359,0,0,0.0,0.0
641658,Garrett Hampson,SS,,3,23,.276,.349,.380,0,0,0.0,0.0
664129,Geoff Hartlieb,P,,0,0,.000,.000,.000,0,3,2.25,1.25
663773,Bryan Hoeing,P,,0,0,.000,.000,.000,2,53,5.48,1.36
689167,Jeff Lindgren,P,,0,0,.000,.000,.000,0,1,5.14,1.14
605347,Jorge López,P,,0,0,.000,.000,.000,6,49,5.95,1.51
666200,Jesús Luzardo,P,,0,0,.000,.000,.000,10,208,3.58,1.21
519043,Matt Moore,P,,0,0,.000,.000,.000,5,60,2.56,1.16
667472,Dane Myers,RF,,1,9,.269,.286,.358,0,0,0.0,0.0
677053,Andrew Nardi,P,,0,0,.000,.000,.000,8,73,2.67,1.15
543594,Sean Nolin,P,,0,0,.000,.000,.000,0,2,18.00,3.00
595345,Steven Okert,P,,0,0,.000,.000,.000,3,73,4.45,1.26
691587,Eury Pérez,P,,0,0,.000,.000,.000,5,108,3.15,1.13
640462,A.J. Puk,P,,0,0,.000,.000,.000,7,78,3.97,1.18
629498,Johan Quezada,P,,0,0,.000,.000,.000,0,0,40.50,9.00
502085,David Robertson,P,,0,0,.000,.000,.000,6,78,3.03,1.19
669432,Trevor Rogers,P,,0,0,.000,.000,.000,1,19,4.00,1.22
660821,Jesús Sánchez,RF,,14,52,.253,.327,.450,0,0,0.0,0.0
656945,Tanner Scott,P,,0,0,.000,.000,.000,9,104,2.31,0.99
516416,Jean Segura,2B,,3,21,.219,.277,.279,0,0,0.0,0.0
656970,Devin Smeltzer,P,,0,0,.000,.000,.000,0,16,6.45,1.48
624585,Jorge Soler,RF,,36,75,.250,.341,.512,0,0,0.0,0.0
666277,George Soriano,P,,0,0,.000,.000,.000,0,52,3.81,1.33
607732,Jacob Stallings,C,,3,20,.191,.278,.286,0,1,4.50,1.50
677960,Ryan Weathers,P,,0,0,.000,.000,.000,1,43,6.55,1.68
621563,Joey Wendle,2B,,2,20,.212,.248,.306,0,0,0.0,0.0
656061,Albert Abreu,P,,0,0,.000,.000,.000,2,61,4.73,1.47
656185,Greg Allen,CF,,1,1,.217,.333,.478,0,0,0.0,0.0
664056,Harrison Bader,CF,,7,40,.232,.274,.348,0,0,0.0,0.0
641343,Jake Bauers,1B,,12,30,.202,.279,.413,0,0,0.0,0.0
621199,Matt Bowman,P,,0,0,.000,.000,.000,0,3,9.00,2.00
605155,Colten Brewer,P,,0,0,.000,.000,.000,0,4,4.32,1.08
666745,Jhony Brito,P,,0,0,.000,.000,.000,9,72,4.28,1.22
665828,Oswaldo Cabrera,3B,,5,29,.211,.275,.299,0,0,0.0,0.0
641432,Willie Calhoun,1B,,5,16,.239,.309,.403,0,0,0.0,0.0
543037,Gerrit Cole,P,,0,0,.000,.000,.000,15,222,2.63,0.98
614173,Franchy Cordero,OF,,6,13,.188,.211,.478,0,0,0.0,0.0
622772,Jimmy Cordero,P,,0,0,.000,.000,.000,3,34,3.86,1.07
641482,Nestor Cortes,P,,0,0,.000,.000,.000,5,67,4.97,1.25
691176,Jasson Domínguez,LF,,4,7,.258,.303,.677,0,0,0.0,0.0
518626,Josh Donaldson,3B,,13,26,.152,.249,.418,0,0,0.00,0.00
664314,Estevan Florial,LF,,0,8,.230,.324,.311,0,0,0.0,0.0
665620,Deivi García,P,,0,0,.000,.000,.000,0,10,2.40,1.40
593334,Domingo Germán,P,,0,0,.000,.000,.000,5,114,4.56,1.08
672782,Yoendrys Gómez,P,,0,0,.000,.000,.000,0,4,0.00,0.50
641656,Ian Hamilton,P,,0,0,.000,.000,.000,3,69,2.64,1.22
543305,Aaron Hicks,RF,,8,36,.253,.353,.383,0,0,0.0,0.0
543309,Kyle Higashioka,C,,10,34,.236,.274,.413,0,0,0.0,0.0
605280,Clay Holmes,P,,0,0,.000,.000,.000,4,71,2.86,1.17
592450,Aaron Judge,CF,,37,75,.267,.406,.613,0,0,0.0,0.0
592454,Tommy Kahnle,P,,0,0,.000,.000,.000,1,48,2.66,1.11
643396,Isiah Kiner-Falefa,2B,,6,37,.242,.306,.340,0,1,2.25,1.00
650633,Michael King,P,,0,0,.000,.000,.000,4,127,2.75,1.15
640454,Matt Krook,P,,0,0,.000,.000,.000,0,3,24.75,3.50
518934,DJ LeMahieu,3B,,15,44,.243,.327,.390,0,0,0.0,0.0
642528,Jonathan Loáisiga,P,,0,0,.000,.000,.000,0,6,3.06,0.85
676760,Ron Marinaccio,P,,0,0,.000,.000,.000,4,56,3.99,1.31
502083,Zach McAllister,P,,0,0,.000,.000,.000,0,5,10.13,2.06
641856,Billy McKinney,LF,,6,14,.227,.320,.406,0,0,0.0,0.0
641871,Keynan Middleton,P,,0,0,.000,.000,.000,2,64,3.38,1.24
664948,Anthony Misiewicz,P,,0,0,.000,.000,.000,2,8,7.36,2.09
593423,Frankie Montas,P,,0,0,.000,.000,.000,1,1,0.00,2.25
593974,Wandy Peralta,P,,0,0,.000,.000,.000,4,51,2.83,1.22
672724,Oswald Peraza,3B,,2,14,.191,.267,.272,0,0,0.0,0.0
677592,Everson Pereira,CF,,0,10,.151,.233,.194,0,0,0.0,0.0
598286,Nick Ramirez,P,,0,0,.000,.000,.000,1,28,2.66,1.23
519203,Anthony Rizzo,1B,,12,41,.244,.328,.378,0,0,0.0,0.0
607074,Carlos Rodón,P,,0,0,.000,.000,.000,3,64,6.85,1.45
666163,Ben Rortvedt,C,,2,4,.118,.241,.221,0,0,0.0,0.0
657376,Clarke Schmidt,P,,0,0,.000,.000,.000,9,149,4.64,1.35
622663,Luis Severino,P,,0,0,.000,.000,.000,4,79,6.65,1.65
519317,Giancarlo Stanton,DH,,24,60,.191,.275,.420,0,0,0.0,0.0
650402,Gleyber Torres,2B,,25,68,.273,.347,.453,0,0,0.0,0.0
624431,Jose Trevino,C,,4,15,.210,.257,.312,0,0,0.0,0.0
681190,Randy Vásquez,P,,0,0,.000,.000,.000,2,33,2.87,1.27
683011,Anthony Volpe,SS,,21,60,.209,.283,.383,0,0,0.0,0.0
596133,Luke Weaver,P,,0,0,.000,.000,.000,3,109,6.40,1.58
543901,Ryan Weber,P,,0,0,.000,.000,.000,1,7,3.14,1.26
669711,Greg Weissert,P,,0,0,.000,.000,.000,0,22,4.05,1.45
669224,Austin Wells,C,,4,13,.229,.257,.486,0,0,0.0,0.0
642715,Willy Adames,SS,,24,80,.217,.310,.407,0,0,0.0,0.0
605119,Brian Anderson,RF,,9,40,.226,.310,.368,0,0,0.0,0.0
677076,Clayton Andrews,P,,0,0,.000,.000,.000,0,4,27.00,3.60
676961,Caleb Boushley,P,,0,0,.000,.000,.000,1,5,3.86,1.29
670712,Mike Brosseau,3B,,4,8,.205,.256,.397,0,0,3.86,0.86
656266,J.B. Bukauskas,P,,0,0,.000,.000,.000,0,7,1.29,1.29
669203,Corbin Burnes,P,,0,0,.000,.000,.000,10,200,3.39,1.07
456713,Matt Bush,P,,0,0,.000,.000,.000,0,10,9.58,1.65
592192,Mark Canha,LF,,11,62,.262,.355,.400,0,0,0.0,0.0
605170,Victor Caratini,C,,7,25,.259,.327,.383,0,0,0.0,0.0
605177,Andrew Chafin,P,,0,0,.000,.000,.000,3,63,4.73,1.42
592222,Alex Claudio,P,,0,0,.000,.000,.000,0,0,0.00,6.00
661388,William Contreras,C,,17,78,.289,.367,.457,0,0,0.0,0.0
664776,Jake Cousins,P,,0,0,.000,.000,.000,0,7,4.82,2.14
518626,Josh Donaldson,3B,,13,26,.152,.249,.418,0,0,0.00,0.00
686217,Sal Frelick,RF,,3,24,.246,.341,.351,0,0,0.0,0.0
642770,Javy Guerra,P,,0,0,.000,.000,.000,0,14,6.05,2.02
605288,Adrian Houser,P,,0,0,.000,.000,.000,8,96,4.12,1.39
663330,Jahmai Jones,CF,,0,3,.200,.273,.300,0,0,0.0,0.0
676083,Janson Junk,P,,0,0,.000,.000,.000,0,5,4.91,1.36
641778,Eric Lauer,P,,0,0,.000,.000,.000,4,43,6.56,1.67
656730,Trevor Megill,P,,0,0,.000,.000,.000,1,52,3.63,1.36
650496,J.C. Mejía,P,,0,0,.000,.000,.000,1,13,5.56,1.59
489119,Wade Miley,P,,0,0,.000,.000,.000,9,79,3.14,1.14
680911,Owen Miller,1B,,5,27,.261,.303,.371,0,0,0.0,0.0
668338,Tyson Miller,P,,0,0,.000,.000,.000,1,10,4.70,1.24
571948,Hoby Milner,P,,0,0,.000,.000,.000,2,59,1.82,0.96
669003,Garrett Mitchell,CF,,3,7,.246,.315,.446,0,0,0.0,0.0
655316,Andruw Monasterio,3B,,3,27,.259,.330,.348,0,0,0.0,0.0
623381,Thomas Pannone,P,,0,0,.000,.000,.000,0,4,6.75,2.25
606303,Joel Payamps,P,,0,0,.000,.000,.000,7,77,2.55,1.05
665625,Elvis Peguero,P,,0,0,.000,.000,.000,4,54,3.38,1.22
642547,Freddy Peralta,P,,0,0,.000,.000,.000,12,210,3.86,1.12
663368,Blake Perkins,CF,,4,20,.217,.325,.350,0,0,0.0,0.0
607067,Colin Rea,P,,0,0,.000,.000,.000,6,110,4.55,1.19
573131,Darin Ruf,DH,,0,3,.224,.333,.286,0,0,0.0,0.0
467793,Carlos Santana,1B,,23,86,.240,.318,.429,0,0,0.0,0.0
572138,Jon Singleton,1B,,2,12,.165,.267,.264,0,0,0.0,0.0
663629,Ethan Small,P,,0,0,.000,.000,.000,0,6,11.25,2.75
656986,Bennett Sousa,P,,0,0,.000,.000,.000,0,10,4.00,0.89
657265,Peter Strzelecki,P,,0,0,.000,.000,.000,3,37,4.38,1.22
606132,Raimel Tapia,RF,,3,13,.236,.317,.338,0,0,0.0,0.0
621438,Tyrone Taylor,RF,,10,35,.234,.267,.446,0,0,0.0,0.0
527054,Julio Teheran,P,,0,0,.000,.000,.000,3,50,4.40,1.13
642133,Rowdy Tellez,1B,,13,47,.215,.291,.376,0,1,0.00,1.00
647351,Abraham Toro,3B,,2,9,.444,.524,.778,0,0,0.0,0.0
668930,Brice Turang,2B,,6,34,.218,.285,.300,0,0,0.0,0.0
649966,Luis Urías,3B,,3,18,.194,.337,.299,0,0,0.0,0.0
682842,Abner Uribe,P,,0,0,.000,.000,.000,1,39,1.76,1.17
681402,Gus Varland,P,,0,0,.000,.000,.000,1,20,6.64,2.11
600986,Thyago Vieira,P,,0,0,.000,.000,.000,0,2,0.00,0.33
572228,Luke Voit,1B,,0,4,.221,.284,.265,0,0,0.0,0.0
686894,Joey Wiemer,LF,,13,42,.204,.283,.362,0,0,0.0,0.0
642207,Devin Williams,P,,0,0,.000,.000,.000,8,87,1.53,0.92
669060,Bryse Wilson,P,,0,0,.000,.000,.000,6,61,2.58,1.07
608385,Jesse Winker,LF,,1,23,.199,.320,.247,0,0,0.0,0.0
605540,Brandon Woodruff,P,,0,0,.000,.000,.000,5,74,2.28,0.82
592885,Christian Yelich,LF,,19,76,.278,.370,.447,0,0,0.0,0.0
677941,Jordyn Adams,RF,,0,1,.128,.125,.128,0,0,0.0,0.0
666176,Jo Adell,RF,,3,6,.207,.258,.448,0,0,0.0,0.0
542881,Tyler Anderson,P,,0,0,.000,.000,.000,6,119,5.43,1.49
696147,Sam Bachman,P,,0,0,.000,.000,.000,1,14,3.18,1.65
642545,Jaime Barria,P,,0,0,.000,.000,.000,2,62,5.68,1.47
663550,Trey Cabbage,RF,,1,7,.208,.232,.321,0,0,0.0,0.0
680983,Kelvin Caceres,P,,0,0,.000,.000,.000,0,1,6.75,3.00
656288,Griffin Canning,P,,0,0,.000,.000,.000,7,139,4.32,1.24
543068,C.J. Cron,1B,,12,37,.248,.295,.434,0,0,0.0,0.0
669721,Davis Daniel,P,,0,0,.000,.000,.000,1,9,2.19,1.30
656353,Tucker Davidson,P,,0,0,.000,.000,.000,1,46,5.96,1.62
672282,Reid Detmers,P,,0,0,.000,.000,.000,4,168,4.48,1.35
606965,Chris Devenski,P,,0,0,.000,.000,.000,6,42,4.46,1.11
646242,Jhonathan Díaz,P,,0,0,.000,.000,.000,0,4,10.29,2.86
592273,Brandon Drury,3B,,26,83,.262,.306,.497,0,0,0.0,0.0
500871,Eduardo Escobar,3B,,6,31,.226,.269,.344,0,0,2.45,0.82
608032,Carlos Estévez,P,,0,0,.000,.000,.000,5,78,3.90,1.49
664058,David Fletcher,2B,,2,12,.247,.302,.326,0,0,0.0,0.0
608334,Carson Fulmer,P,,0,0,.000,.000,.000,1,6,2.70,1.00
608337,Lucas Giolito,P,,0,0,.000,.000,.000,8,204,4.88,1.31
545341,Randal Grichuk,RF,,16,44,.267,.321,.459,0,0,0.0,0.0
623474,Jimmy Herget,P,,0,0,.000,.000,.000,2,26,4.66,1.41
688427,Kolton Ingram,P,,0,0,.000,.000,.000,0,7,8.44,2.44
690829,Ben Joyce,P,,0,0,.000,.000,.000,1,10,5.40,1.80
571875,Jake Lamb,1B,,2,5,.216,.259,.353,0,0,0.00,1.00
608678,Dominic Leone,P,,0,0,.000,.000,.000,1,54,4.67,1.43
625643,Reynaldo López,P,,0,0,.000,.000,.000,3,83,3.27,1.27
571901,Aaron Loup,P,,0,0,.000,.000,.000,2,45,6.10,1.75
665896,José Marte,P,,0,0,.000,.000,.000,0,7,8.68,2.25
682989,Victor Mederos,P,,0,0,.000,.000,.000,0,3,9.00,2.67
666160,Mickey Moniak,CF,,14,45,.280,.307,.495,0,0,0.0,0.0
519043,Matt Moore,P,,0,0,.000,.000,.000,5,60,2.56,1.16
606625,Reyes Moronta,P,,0,0,.000,.000,.000,0,2,6.75,5.25
519058,Mike Moustakas,1B,,12,48,.247,.293,.392,0,0,0.0,0.0
687263,Zach Neto,SS,,9,34,.225,.308,.377,0,0,0.0,0.0
681351,Logan O'Hoppe,C,,14,29,.236,.296,.500,0,0,0.0,0.0
660271,Shohei Ohtani,TWP,,44,95,.304,.412,.654,10,167,3.14,1.06
608360,Chris Okey,C,,0,0,.000,.000,.000,0,0,0.0,0.0
656821,Kevin Padlo,3B,,0,0,.125,.125,.250,0,0,0.0,0.0
677347,Kyren Paris,2B,,0,1,.100,.200,.100,0,0,0.0,0.0
621433,Brett Phillips,P,,3,6,.175,.268,.333,0,0,0.00,6.00
650671,José Quijada,P,,0,0,.000,.000,.000,0,8,6.00,1.22
543685,Anthony Rendon,3B,,2,22,.236,.361,.318,0,0,0.0,0.0
592669,Hunter Renfroe,RF,,20,60,.233,.297,.416,0,0,0.0,0.0
650859,Luis Rengifo,3B,,16,51,.264,.339,.444,0,0,0.0,0.0
622103,Gerardo Reyes,P,,0,0,.000,.000,.000,0,10,7.45,1.76
670046,Kenny Rosenberg,P,,0,0,.000,.000,.000,2,29,3.82,1.48
663776,Patrick Sandoval,P,,0,0,.000,.000,.000,7,128,4.11,1.51
694384,Nolan Schanuel,1B,,1,6,.275,.402,.330,0,0,0.0,0.0
681217,Chase Silseth,P,,0,0,.000,.000,.000,4,56,3.96,1.28
667755,José Soriano,P,,0,0,.000,.000,.000,1,56,3.64,1.33
670869,Livan Soto,SS,,0,0,.222,.417,.222,0,0,0.0,0.0
683021,Michael Stefanic,2B,,0,6,.290,.380,.355,0,0,0.0,0.0
660761,José Suarez,P,,0,0,.000,.000,.000,1,28,8.29,1.96
572193,Ryan Tepera,P,,0,0,.000,.000,.000,2,11,7.59,2.06
642136,Matt Thaiss,C,,9,31,.214,.319,.340,0,0,0.0,0.0
545361,Mike Trout,CF,,18,44,.263,.367,.490,0,0,0.0,0.0
570482,Gio Urshela,3B,,2,24,.299,.329,.374,0,0,0.0,0.0
623205,Andrew Velazquez,SS,,2,3,.173,.264,.284,0,0,0.0,0.0
595453,Chad Wallach,C,,7,15,.197,.259,.376,0,0,0.0,0.0
665120,Jared Walsh,1B,,4,11,.125,.216,.279,0,0,0.0,0.0
681806,Andrew Wantz,P,,0,0,.000,.000,.000,2,33,3.89,1.09
621493,Taylor Ward,LF,,14,47,.253,.335,.421,0,0,0.0,0.0
681810,Austin Warren,P,,0,0,.000,.000,.000,1,2,5.40,1.20
657097,Jacob Webb,P,,0,0,.000,.000,.000,1,57,3.69,1.29
592848,Zack Weiss,P,,0,0,.000,.000,.000,1,15,3.21,1.07
613534,Austin Adams,P,,0,0,.000,.000,.000,0,22,5.71,1.38
605113,Nick Ahmed,SS,,2,17,.212,.257,.303,0,0,0.0,0.0
518516,Madison Bumgarner,P,,0,0,.000,.000,.000,0,10,10.26,2.40
686527,Dominic Canzone,RF,,6,21,.220,.258,.399,0,0,0.0,0.0
682998,Corbin Carroll,CF,,25,76,.285,.362,.506,0,0,0.0,0.0
660636,Diego A. Castillo,SS,,0,0,.000,.000,.000,0,0,0.0,0.0
612434,Miguel Castro,P,,0,0,.000,.000,.000,6,60,4.31,1.18
677944,Slade Cecconi,P,,0,0,.000,.000,.000,0,20,4.33,1.15
605177,Andrew Chafin,P,,0,0,.000,.000,.000,3,63,4.73,1.42
622503,Nabil Crismatt,P,,0,0,.000,.000,.000,0,12,8.31,2.00
605200,Zach Davies,P,,0,0,.000,.000,.000,2,72,7.00,1.66
666150,Dominic Fletcher,RF,,2,14,.301,.350,.441,0,0,0.0,0.0
666818,Luis Frías,P,,0,0,.000,.000,.000,1,26,4.06,1.52
668678,Zac Gallen,P,,0,0,.000,.000,.000,17,220,3.47,1.12
656457,Tyler Gilbert,P,,0,0,.000,.000,.000,0,19,5.19,1.50
656464,Kevin Ginkel,P,,0,0,.000,.000,.000,9,70,2.48,0.98
666971,Lourdes Gurriel Jr.,LF,,24,82,.261,.309,.463,0,0,0.0,0.0
674072,Tommy Henry,P,,0,0,.000,.000,.000,5,64,4.15,1.36
645444,Jose Herrera,C,,0,7,.208,.296,.257,0,0,9.00,2.00
686753,Drey Jameson,P,,0,0,.000,.000,.000,3,37,3.32,1.43
686826,Bryce Jarvis,P,,0,0,.000,.000,.000,2,12,3.04,0.97
608348,Carson Kelly,C,,2,13,.206,.278,.287,0,1,10.13,3.75
518876,Merrill Kelly,P,,0,0,.000,.000,.000,12,187,3.29,1.19
671083,Buddy Kennedy,2B,,0,1,.167,.310,.208,0,0,0.0,0.0
691783,Jordan Lawlar,SS,,0,0,.129,.206,.129,0,0,0.0,0.0
641786,Kyle Lewis,OF,,1,2,.157,.204,.255,0,0,0.0,0.0
446334,Evan Longoria,3B,,11,28,.223,.295,.422,0,0,0.0,0.0
573009,Joe Mantiply,P,,0,0,.000,.000,.000,2,28,4.62,1.13
606466,Ketel Marte,2B,,25,82,.276,.358,.485,0,0,0.0,0.0
679885,Justin Martinez,P,,0,0,.000,.000,.000,0,14,12.60,2.40
664983,Jake McCarthy,CF,,2,16,.243,.318,.326,0,0,0.0,0.0
543518,Scott McGough,P,,0,0,.000,.000,.000,2,86,4.73,1.28
664948,Anthony Misiewicz,P,,0,0,.000,.000,.000,2,8,7.36,2.09
672515,Gabriel Moreno,C,,7,50,.284,.339,.408,0,0,0.0,0.0
669459,Kyle Nelson,P,,0,0,.000,.000,.000,7,67,4.18,1.30
669194,Ryne Nelson,P,,0,0,.000,.000,.000,8,96,5.31,1.42
672695,Geraldo Perdomo,SS,,6,47,.246,.353,.359,0,0,0.0,0.0
607054,Jace Peterson,SS,,6,37,.211,.304,.307,0,1,9.00,3.00
694297,Brandon Pfaadt,P,,0,0,.000,.000,.000,3,94,5.72,1.41
502054,Tommy Pham,CF,,16,68,.256,.328,.446,0,0,0.0,0.0
656896,Emmanuel Rivera,3B,,4,29,.261,.314,.358,0,0,0.0,0.0
668942,Josh Rojas,3B,,4,40,.245,.303,.338,0,1,18.00,3.50
614179,José Ruiz,P,,0,0,.000,.000,.000,2,39,5.89,1.65
685314,Andrew Saalfrank,P,,0,0,.000,.000,.000,0,6,0.00,1.06
623149,Paul Sewald,P,,0,0,.000,.000,.000,3,80,3.12,1.15
656976,Pavin Smith,LF,,7,30,.188,.317,.325,0,0,0.0,0.0
656981,Peter Solomon,P,,0,0,.000,.000,.000,0,6,12.15,2.10
657265,Peter Strzelecki,P,,0,0,.000,.000,.000,3,37,4.38,1.22
642121,Cole Sulser,P,,0,0,.000,.000,.000,0,4,6.75,1.50
677950,Alek Thomas,CF,,9,39,.230,.273,.374,0,0,0.0,0.0
657044,Ryan Thompson,P,,0,0,.000,.000,.000,1,21,3.82,0.91
672841,Carlos Vargas,P,,0,0,.000,.000,.000,0,7,5.79,1.93
572233,Christian Walker,1B,,33,103,.258,.333,.497,0,0,0.0,0.0
664874,Seby Zavala,C,,7,18,.171,.230,.314,0,0,0.00,0.00
669211,Keegan Akin,P,,0,0,.000,.000,.000,2,27,6.85,1.77
641329,Bryan Baker,P,,0,0,.000,.000,.000,4,51,3.60,1.27
657508,Mike Baumann,P,,0,0,.000,.000,.000,10,61,3.76,1.31
642585,Félix Bautista,P,,0,0,.000,.000,.000,8,110,1.48,0.92
660825,Eduard Bazardo,P,,0,0,.000,.000,.000,0,15,4.50,1.19
621532,Anthony Bemboom,C,,0,0,.182,.308,.182,0,0,0.0,0.0
666974,Yennier Cano,P,,0,0,.000,.000,.000,1,65,2.11,1.00
543056,Danny Coulombe,P,,0,0,.000,.000,.000,5,58,2.81,1.11
681297,Colton Cowser,LF,,0,4,.115,.286,.148,0,0,0.0,0.0
656427,Jack Flaherty,P,,0,0,.000,.000,.000,8,148,4.99,1.58
624428,Adam Frazier,2B,,13,60,.240,.300,.396,0,0,0.0,0.0
660261,Shintaro Fujinami,P,,0,0,.000,.000,.000,7,83,7.18,1.49
657585,Reed Garrett,P,,0,0,.000,.000,.000,1,16,6.41,1.47
502043,Kyle Gibson,P,,0,0,.000,.000,.000,15,157,4.73,1.32
670810,Logan Gillaspie,P,,0,0,.000,.000,.000,0,8,6.00,2.11
571710,Mychal Givens,P,,0,0,.000,.000,.000,0,2,11.25,2.50
669084,DL Hall,P,,0,0,.000,.000,.000,3,23,3.26,1.19
669720,Austin Hays,LF,,16,67,.275,.325,.444,0,0,0.0,0.0
683002,Gunnar Henderson,SS,,28,82,.255,.325,.489,0,0,0.0,0.0
543305,Aaron Hicks,RF,,8,36,.253,.353,.383,0,0,0.0,0.0
608344,Cole Irvin,P,,0,0,.000,.000,.000,1,68,4.42,1.28
677008,Heston Kjerstad,LF,,2,3,.233,.281,.467,0,0,0.0,0.0
656627,Mark Kolozsvary,C,,0,0,.000,.000,.000,0,0,0.0,0.0
607216,Joey Krehbiel,P,,0,0,.000,.000,.000,1,5,1.80,0.80
665152,Dean Kremer,P,,0,0,.000,.000,.000,13,157,4.12,1.31
623507,Josh Lester,1B,,0,4,.182,.217,.182,0,1,0.00,2.00
605347,Jorge López,P,,0,0,.000,.000,.000,6,49,5.95,1.51
622761,Jorge Mateo,2B,,7,34,.217,.267,.340,0,0,0.0,0.0
543510,James McCann,C,,6,26,.222,.269,.377,0,0,0.00,2.00
663630,Ryan McKenna,RF,,2,18,.254,.316,.361,0,0,18.00,4.00
607644,John Means,P,,0,0,.000,.000,.000,1,10,2.66,0.72
663624,Ryan Mountcastle,1B,,18,68,.270,.328,.452,0,0,0.0,0.0
656775,Cedric Mullins,CF,,15,74,.233,.305,.416,0,0,0.0,0.0
656811,Ryan O'Hearn,1B,,14,60,.289,.322,.480,0,0,0.0,0.0
687401,Joey Ortiz,3B,,0,4,.212,.206,.242,0,0,0.0,0.0
672335,Cionel Pérez,P,,0,0,.000,.000,.000,4,44,3.54,1.56
680570,Grayson Rodriguez,P,,0,0,.000,.000,.000,7,129,4.35,1.34
668939,Adley Rutschman,C,,20,80,.277,.374,.435,0,0,0.0,0.0
623993,Anthony Santander,RF,,28,95,.257,.325,.472,0,0,0.0,0.0
669065,Kyle Stowers,LF,,0,0,.067,.152,.067,0,0,0.0,0.0
602104,Ramón Urías,3B,,4,42,.264,.328,.375,0,0,0.0,0.0
681808,Chris Vallimont,P,,0,0,.000,.000,.000,0,1,0.00,1.50
679631,Terrin Vavra,2B,,0,5,.245,.315,.245,0,0,0.0,0.0
663989,Nick Vespi,P,,0,0,.000,.000,.000,1,9,4.30,1.23
608723,Austin Voth,P,,0,0,.000,.000,.000,1,34,5.19,1.56
657097,Jacob Webb,P,,0,0,.000,.000,.000,1,57,3.69,1.29
669330,Tyler Wells,P,,0,0,.000,.000,.000,7,117,3.64,0.99
676059,Jordan Westburg,3B,,3,23,.260,.311,.404,0,0,0.0,0.0
669145,Bruce Zimmermann,P,,0,0,.000,.000,.000,2,14,4.73,1.28
677800,Wilyer Abreu,RF,,2,14,.316,.388,.474,0,0,0.0,0.0
595751,Jorge Alfaro,C,,1,4,.146,.212,.292,0,0,0.0,0.0
624414,Christian Arroyo,2B,,3,24,.241,.268,.369,0,0,0.0,0.0
607457,Kyle Barraclough,P,,0,0,.000,.000,.000,1,4,12.91,2.61
678394,Brayan Bello,P,,0,0,.000,.000,.000,12,132,4.24,1.34
657514,Brennan Bernardino,P,,0,0,.000,.000,.000,2,58,3.20,1.30
542947,Richard Bleier,P,,0,0,.000,.000,.000,1,16,5.28,1.37
518489,Ryan Brasier,P,,0,0,.000,.000,.000,3,56,3.02,1.02
671213,Triston Casas,1B,,24,65,.263,.367,.490,0,0,0.0,0.0
644374,Yu Chang,2B,,6,18,.162,.200,.352,0,0,0.0,0.0
676710,Kutter Crawford,P,,0,0,.000,.000,.000,6,135,4.04,1.11
666915,Bobby Dalbec,1B,,1,1,.204,.264,.306,0,0,0.0,0.0
571616,Matt Dermody,P,,0,0,.000,.000,.000,0,1,6.75,1.25
646240,Rafael Devers,3B,,33,100,.271,.351,.500,0,0,0.0,0.0
680776,Jarren Duran,CF,,8,40,.295,.346,.482,0,0,0.0,0.0
594807,Adam Duvall,LF,,21,58,.247,.303,.531,0,0,0.0,0.0
607188,Jake Faria,P,,0,0,.000,.000,.000,0,3,22.50,4.00
621057,Justin Garza,P,,0,0,.000,.000,.000,0,17,7.36,1.85
643348,Caleb Hamilton,C,,0,0,.000,.167,.000,0,0,0.0,0.0
666152,David Hamilton,SS,,0,0,.121,.256,.182,0,0,0.0,0.0
571771,Enrique Hernández,CF,,11,61,.237,.289,.357,0,0,0.0,0.0
656557,Tanner Houck,P,,0,0,.000,.000,.000,6,99,5.01,1.37
682175,Joe Jacques,P,,0,0,.000,.000,.000,2,20,5.06,1.58
445276,Kenley Jansen,P,,0,0,.000,.000,.000,3,52,3.63,1.28
677161,Zack Kelly,P,,0,0,.000,.000,.000,0,6,3.86,1.61
446372,Corey Kluber,P,,0,0,.000,.000,.000,3,42,7.04,1.64
659275,Dinelson Lamet,P,,0,0,.000,.000,.000,1,32,11.71,2.35
641793,Zack Littell,P,,0,0,.000,.000,.000,3,74,4.10,1.18
661440,Mauricio Llovera,P,,0,0,.000,.000,.000,2,29,4.89,1.46
455119,Chris Martin,P,,0,0,.000,.000,.000,4,46,1.05,1.03
624512,Reese McGuire,C,,1,16,.267,.310,.358,0,0,0.0,0.0
669684,Chris Murphy,P,,0,0,.000,.000,.000,1,49,4.91,1.41
672391,Kaleb Ort,P,,0,0,.000,.000,.000,1,24,6.26,1.57
572020,James Paxton,P,,0,0,.000,.000,.000,7,101,4.50,1.31
601713,Nick Pivetta,P,,0,0,.000,.000,.000,10,183,4.04,1.12
678882,Ceddanne Rafaela,SS,,2,5,.241,.281,.386,0,0,0.0,0.0
608701,Rob Refsnyder,LF,,1,28,.248,.365,.317,0,0,0.0,0.0
622569,Pablo Reyes,2B,,2,20,.287,.339,.377,0,0,4.50,3.50
687798,Nick Robertson,P,,0,0,.000,.000,.000,0,26,6.04,1.75
570257,Joely Rodríguez,P,,0,0,.000,.000,.000,0,14,6.55,1.73
519242,Chris Sale,P,,0,0,.000,.000,.000,6,125,4.30,1.13
670167,John Schreiber,P,,0,0,.000,.000,.000,2,53,3.86,1.41
605463,Tayler Scott,P,,0,0,.000,.000,.000,0,17,5.60,1.87
595411,Ryan Sherriff,P,,0,0,.000,.000,.000,0,5,2.70,1.20
596115,Trevor Story,SS,,3,14,.203,.250,.316,0,0,0.0,0.0
606132,Raimel Tapia,RF,,3,13,.236,.317,.338,0,0,0.0,0.0
457759,Justin Turner,3B,,23,96,.276,.345,.455,0,0,0.0,0.0
649966,Luis Urías,3B,,3,18,.194,.337,.299,0,0,0.0,0.0
665839,Enmanuel Valdez,2B,,6,19,.266,.311,.453,0,0,0.0,0.0
657077,Alex Verdugo,LF,,13,54,.264,.324,.421,0,0,0.0,0.0
687888,Brandon Walter,P,,0,0,.000,.000,.000,0,16,6.26,1.70
592848,Zack Weiss,P,,0,0,.000,.000,.000,1,15,3.21,1.07
676477,Garrett Whitlock,P,,0,0,.000,.000,.000,5,72,5.15,1.33
670174,Josh Winckowski,P,,0,0,.000,.000,.000,4,82,2.88,1.42
657136,Connor Wong,C,,9,36,.235,.288,.385,0,0,0.0,0.0
807799,Masataka Yoshida,LF,,15,72,.289,.338,.445,0,0,0.0,0.0
640470,Adbert Alzolay,P,,0,0,.000,.000,.000,2,67,2.67,1.02
665804,Miguel Amaya,C,,5,18,.214,.329,.359,0,0,0.0,0.0
665871,Javier Assad,P,,0,0,.000,.000,.000,5,94,3.05,1.23
571466,Tucker Barnhart,C,,1,9,.202,.285,.257,0,0,2.25,1.75
641355,Cody Bellinger,CF,,26,97,.307,.356,.525,0,0,0.0,0.0
502202,Brad Boxberger,P,,0,0,.000,.000,.000,0,17,4.95,1.30
595897,Nick Burdi,P,,0,0,.000,.000,.000,0,4,9.00,2.00
672744,Alexander Canario,LF,,1,6,.294,.294,.647,0,0,0.0,0.0
600869,Jeimer Candelario,3B,,22,70,.251,.336,.471,0,0,0.0,0.0
691718,Pete Crow-Armstrong,CF,,0,1,.000,.176,.000,0,0,0.0,0.0
621016,Jose Cuas,P,,0,0,.000,.000,.000,3,71,3.99,1.50
608648,Tyler Duffey,P,,0,0,.000,.000,.000,0,3,4.50,0.50
669093,Jeremiah Estrada,P,,0,0,.000,.000,.000,0,13,6.75,2.25
605242,Michael Fulmer,P,,0,0,.000,.000,.000,3,65,4.42,1.33
543228,Yan Gomes,C,,10,63,.267,.315,.408,0,0,0.0,0.0
572888,Shane Greene,P,,0,0,.000,.000,.000,0,3,0.00,1.33
664023,Ian Happ,LF,,21,84,.248,.360,.431,0,0,0.0,0.0
543294,Kyle Hendricks,P,,0,0,.000,.000,.000,6,93,3.74,1.20
663538,Nico Hoerner,2B,,9,68,.283,.346,.383,0,0,0.0,0.0
543333,Eric Hosmer,1B,,2,14,.234,.280,.330,0,0,0.0,0.0
676714,Brandon Hughes,P,,0,0,.000,.000,.000,0,17,7.24,1.61
641743,Anthony Kay,P,,0,0,.000,.000,.000,0,11,6.14,1.50
668873,Caleb Kilian,P,,0,0,.000,.000,.000,0,5,16.88,2.81
643410,Mark Leiter Jr.,P,,0,0,.000,.000,.000,1,77,3.50,1.12
681432,Luke Little,P,,0,0,.000,.000,.000,0,12,0.00,1.35
663611,Nick Madrigal,3B,,2,28,.263,.311,.352,0,0,0.0,0.0
641820,Trey Mancini,1B,,4,28,.234,.299,.336,0,0,0.0,0.0
670156,Miles Mastrobuoni,SS,,1,5,.241,.308,.301,0,0,108.00,12.00
657240,Julian Merryweather,P,,0,0,.000,.000,.000,5,98,3.38,1.31
670223,Matt Mervis,1B,,3,11,.167,.242,.289,0,0,0.0,0.0
666624,Christopher Morel,3B,,26,70,.247,.313,.508,0,0,0.0,0.0
694037,Daniel Palencia,P,,0,0,.000,.000,.000,5,33,4.45,1.27
621458,Edwin Ríos,1B,,1,2,.071,.235,.214,0,0,0.0,0.0
621074,Michael Rucker,P,,0,0,.000,.000,.000,2,40,4.91,1.44
592767,Drew Smyly,P,,0,0,.000,.000,.000,11,141,5.00,1.43
657006,Justin Steele,P,,0,0,.000,.000,.000,16,176,3.06,1.17
573186,Marcus Stroman,P,,0,0,.000,.000,.000,10,119,3.95,1.26
673548,Seiya Suzuki,RF,,20,74,.285,.357,.485,0,0,0.0,0.0
621020,Dansby Swanson,SS,,22,80,.244,.328,.416,0,0,0.0,0.0
592791,Jameson Taillon,P,,0,0,.000,.000,.000,8,140,4.84,1.28
643565,Mike Tauchman,RF,,8,48,.252,.363,.377,0,0,0.0,0.0
624522,Keegan Thompson,P,,0,0,.000,.000,.000,2,26,4.71,1.36
620443,Luis Torrens,C,,0,4,.250,.300,.357,0,0,0.0,0.0
676369,Nelson Velázquez,RF,,17,34,.235,.302,.586,0,0,0.0,0.0
669713,Hayden Wesneski,P,,0,0,.000,.000,.000,3,83,4.63,1.28
696136,Jordan Wicks,P,,0,0,.000,.000,.000,4,24,4.41,1.27
621550,Patrick Wisdom,1B,,23,46,.205,.289,.500,0,0,0.0,0.0
676724,Jared Young,1B,,2,8,.186,.255,.465,0,0,0.0,0.0
671096,Andrew Abbott,P,,0,0,.000,.000,.000,8,120,3.87,1.32
622088,Tejay Antone,P,,0,0,.000,.000,.000,0,7,1.59,0.88
668933,Graham Ashcraft,P,,0,0,.000,.000,.000,7,111,4.76,1.37
664056,Harrison Bader,CF,,7,40,.232,.274,.348,0,0,0.0,0.0
676480,Jose Barrero,SS,,2,17,.218,.295,.323,0,0,0.0,0.0
666181,Will Benson,LF,,11,31,.275,.365,.498,0,0,0.0,0.0
611093,Silvino Bracho,P,,0,0,.000,.000,.000,0,6,3.68,1.50
641427,Alan Busenitz,P,,0,0,.000,.000,.000,0,5,2.57,1.29
592200,Curt Casali,C,,0,6,.175,.290,.200,0,0,0.0,0.0
570666,Luis Cessa,P,,0,0,.000,.000,.000,1,11,9.00,2.23
518585,Fernando Cruz,P,,0,0,.000,.000,.000,1,98,4.91,1.21
682829,Elly De La Cruz,SS,,13,44,.235,.300,.410,0,0,0.0,0.0
664747,Alexis Díaz,P,,0,0,.000,.000,.000,9,86,3.07,1.19
650960,Daniel Duarte,P,,0,0,.000,.000,.000,3,23,3.69,1.39
687952,Christian Encarnacion-Strand,1B,,13,37,.270,.328,.477,0,0,0.0,0.0
656413,Stuart Fairchild,CF,,5,28,.228,.321,.388,0,0,0.0,0.0
571656,Buck Farmer,P,,0,0,.000,.000,.000,4,70,4.20,1.16
641584,Jake Fraley,RF,,15,65,.256,.339,.443,0,0,0.0,0.0
670770,TJ Friedl,CF,,18,66,.279,.352,.467,0,0,0.0,0.0
664139,Ian Gibaut,P,,0,0,.000,.000,.000,8,69,3.33,1.28
668881,Hunter Greene,P,,0,0,.000,.000,.000,4,152,4.82,1.42
643361,Kevin Herget,P,,0,0,.000,.000,.000,1,13,5.18,1.32
686759,TJ Hopkins,CF,,0,1,.171,.227,.171,0,0,0.0,0.0
663697,Jonathan India,2B,,17,61,.244,.338,.407,0,0,0.0,0.0
676689,Ricky Karcher,P,,0,0,.000,.000,.000,0,0,0.00,1.00
664028,Brett Kennedy,P,,0,0,.000,.000,.000,1,9,6.50,1.44
669270,Joel Kuhnel,P,,0,0,.000,.000,.000,0,3,5.54,1.62
571882,Derek Law,P,,0,0,.000,.000,.000,4,45,3.60,1.38
668984,Casey Legumina,P,,0,0,.000,.000,.000,1,11,5.68,1.97
594902,Ben Lively,P,,0,0,.000,.000,.000,4,79,5.38,1.36
666157,Nick Lodolo,P,,0,0,.000,.000,.000,2,47,6.29,1.75
664670,Alejo Lopez,2B,,0,1,.500,.500,1.000,0,0,0.0,0.0
571912,Luke Maile,C,,6,25,.235,.308,.391,0,0,16.62,2.77
592527,Michael Mariot,P,,0,0,.000,.000,.000,0,2,3.38,1.88
682622,Noelvi Marte,3B,,3,15,.316,.366,.456,0,0,0.0,0.0
605361,Nick Martini,1B,,6,16,.264,.329,.583,0,0,0.0,0.0
680574,Matt McLain,SS,,16,50,.290,.357,.507,0,0,0.0,0.0
621219,Alec Mills,P,,0,0,.000,.000,.000,0,0,18.00,5.00
594580,Sam Moll,P,,0,0,.000,.000,.000,2,68,3.03,1.24
571976,Wil Myers,RF,,3,12,.189,.257,.283,0,0,0.0,0.0
621028,Kevin Newman,SS,,3,28,.253,.311,.364,0,0,0.0,0.0
656818,Connor Overton,P,,0,0,.000,.000,.000,0,9,11.45,2.36
683175,Connor Phillips,P,,0,0,.000,.000,.000,1,26,6.97,1.50
592656,Henry Ramos,RF,,0,5,.243,.349,.311,0,0,0.0,0.0
592669,Hunter Renfroe,RF,,20,60,.233,.297,.416,0,0,0.0,0.0
608703,Matt Reynolds,2B,,0,0,.200,.200,.200,0,0,0.0,0.0
680689,Lyon Richardson,P,,0,0,.000,.000,.000,0,12,8.64,1.92
674285,Eduardo Salazar,P,,0,0,.000,.000,.000,1,5,8.03,1.70
665665,Reiver Sanmartin,P,,0,0,.000,.000,.000,1,13,7.07,1.93
663574,Tony Santillan,P,,0,0,.000,.000,.000,1,1,2.70,2.70
669222,Nick Senzel,3B,,13,42,.236,.297,.399,0,0,0.0,0.0
592741,Chasen Shreve,P,,0,0,.000,.000,.000,1,45,4.63,1.34
672279,Michael Siani,CF,,0,0,.000,.167,.000,0,0,0.0,0.0
608371,Lucas Sims,P,,0,0,.000,.000,.000,7,72,3.10,1.18
686730,Carson Spiers,P,,0,0,.000,.000,.000,0,12,6.92,1.92
668715,Spencer Steer,LF,,23,86,.271,.356,.464,0,0,0.0,0.0
663886,Tyler Stephenson,C,,13,56,.243,.317,.378,0,0,0.0,0.0
686651,Levi Stoudt,P,,0,0,.000,.000,.000,0,9,9.58,2.32
613564,Jason Vosler,1B,,3,10,.161,.200,.371,0,0,4.50,2.50
458015,Joey Votto,1B,,14,38,.202,.314,.433,0,0,0.0,0.0
596133,Luke Weaver,P,,0,0,.000,.000,.000,3,109,6.40,1.58
682227,Brandon Williamson,P,,0,0,.000,.000,.000,5,98,4.46,1.28
673858,Jake Wong,P,,0,0,.000,.000,.000,0,0,9.00,3.00
691094,Randy Wynne,P,,0,0,.000,.000,.000,0,0,3.86,1.71
622065,Alex Young,P,,0,0,.000,.000,.000,4,50,3.86,1.36
671106,Logan Allen,P,,0,0,.000,.000,.000,7,119,3.81,1.40
672356,Gabriel Arias,3B,,10,26,.210,.275,.352,0,0,0.0,0.0
685410,Peyton Battenfield,P,,0,0,.000,.000,.000,0,27,5.19,1.33
605137,Josh Bell,1B,,22,74,.247,.325,.419,0,0,0.0,0.0
676440,Tanner Bibee,P,,0,0,.000,.000,.000,10,141,2.98,1.18
669456,Shane Bieber,P,,0,0,.000,.000,.000,6,107,3.80,1.23
686823,Will Brennan,RF,,5,41,.266,.299,.356,0,0,0.0,0.0
594777,Kole Calhoun,RF,,6,25,.217,.282,.376,0,0,0.0,0.0
650644,Aaron Civale,P,,0,0,.000,.000,.000,7,116,3.46,1.16
661403,Emmanuel Clase,P,,0,0,.000,.000,.000,3,64,3.22,1.16
641470,Zack Collins,C,,0,0,.500,.667,.500,0,0,0.0,0.0
675540,Xzavion Curry,P,,0,0,.000,.000,.000,3,67,4.07,1.35
660853,Enyel De Los Santos,P,,0,0,.000,.000,.000,5,62,3.29,1.14
671289,Tyler Freeman,CF,,4,18,.242,.295,.366,0,0,0.0,0.0
681807,David Fry,1B,,4,15,.238,.319,.416,0,0,12.60,2.20
683769,Hunter Gaddis,P,,0,0,.000,.000,.000,2,24,4.50,1.31
595956,Cam Gallagher,C,,0,7,.126,.154,.168,0,0,0.0,0.0
665926,Andrés Giménez,2B,,15,62,.251,.314,.399,0,0,0.0,0.0
608337,Lucas Giolito,P,,0,0,.000,.000,.000,8,204,4.88,1.31
660757,Oscar Gonzalez,RF,,2,12,.214,.239,.312,0,0,0.0,0.0
606992,Eric Haase,C,,4,26,.201,.247,.281,0,0,0.0,0.0
656529,Sam Hentges,P,,0,0,.000,.000,.000,3,56,3.61,1.36
682120,Tim Herrin,P,,0,0,.000,.000,.000,1,32,5.53,1.48
675916,James Karinchak,P,,0,0,.000,.000,.000,2,52,3.23,1.33
547184,Michael Kelly,P,,0,0,.000,.000,.000,1,16,3.78,1.32
680757,Steven Kwan,LF,,5,54,.268,.340,.370,0,0,0.0,0.0
657656,Ramón Laureano,RF,,9,35,.224,.304,.371,0,0,0.0,0.0
625643,Reynaldo López,P,,0,0,.000,.000,.000,3,83,3.27,1.27
663474,Triston McKenzie,P,,0,0,.000,.000,.000,0,16,5.06,1.56
519043,Matt Moore,P,,0,0,.000,.000,.000,5,60,2.56,1.16
669212,Eli Morgan,P,,0,0,.000,.000,.000,5,75,4.01,1.44
663752,Cody Morris,P,,0,0,.000,.000,.000,0,9,6.75,2.00
666310,Bo Naylor,C,,11,32,.237,.339,.470,0,0,0.0,0.0
647304,Josh Naylor,1B,,17,97,.308,.354,.489,0,0,0.0,0.0
596057,Daniel Norris,P,,0,0,.000,.000,.000,0,11,5.68,1.74
663455,Konnor Pilkington,P,,0,0,.000,.000,.000,0,2,0.00,1.00
668676,Zach Plesac,P,,0,0,.000,.000,.000,1,14,7.59,1.97
615698,Cal Quantrill,P,,0,0,.000,.000,.000,4,58,5.24,1.46
608070,José Ramírez,3B,,24,80,.282,.356,.475,0,0,0.0,0.0
677587,Brayan Rocchio,SS,,0,8,.247,.279,.321,0,0,0.0,0.0
642708,Amed Rosario,RF,,6,58,.263,.305,.378,0,0,0.0,0.0
680704,Nick Sandlin,P,,0,0,.000,.000,.000,5,66,3.75,1.03
663986,Trevor Stephan,P,,0,0,.000,.000,.000,7,75,4.06,1.30
664702,Myles Straw,CF,,1,29,.238,.301,.297,0,0,0.0,0.0
592789,Noah Syndergaard,P,,0,0,.000,.000,.000,2,56,6.50,1.39
677588,José Tena,3B,,0,3,.226,.294,.290,0,0,0.0,0.0
657053,Touki Toussaint,P,,0,0,.000,.000,.000,4,85,4.97,1.45
650619,Meibrys Viloria,C,,0,0,.000,.250,.000,0,0,0.0,0.0
668909,Gavin Williams,P,,0,0,.000,.000,.000,3,81,3.29,1.26
572287,Mike Zunino,C,,3,11,.177,.271,.306,0,0,0.0,0.0
472551,Fernando Abad,P,,0,0,.000,.000,.000,1,2,4.26,2.21
595751,Jorge Alfaro,C,,1,4,.146,.212,.292,0,0,0.0,0.0
502624,Chase Anderson,P,,0,0,.000,.000,.000,1,64,5.42,1.42
453268,Daniel Bard,P,,0,0,.000,.000,.000,4,47,4.56,1.70
656234,Jake Bird,P,,0,0,.000,.000,.000,3,77,4.33,1.35
621389,Ty Blach,P,,0,0,.000,.000,.000,3,50,5.54,1.64
453568,Charlie Blackmon,RF,,8,40,.279,.363,.440,0,0,0.0,0.0
656248,Sean Bouchard,RF,,4,7,.316,.372,.684,0,0,0.0,0.0
677865,Justin Bruihl,P,,0,0,.000,.000,.000,1,22,5.46,1.39
592178,Kris Bryant,RF,,10,31,.233,.313,.367,0,0,0.0,0.0
663971,Blair Calvo,P,,0,0,.000,.000,.000,0,0,0.00,0.00
571539,Matt Carasiti,P,,0,0,.000,.000,.000,1,16,6.29,1.60
605612,Harold Castro,2B,,1,31,.252,.275,.314,0,0,9.00,2.50
543068,C.J. Cron,1B,,12,37,.248,.295,.434,0,0,0.0,0.0
663562,Noah Davis,P,,0,0,.000,.000,.000,0,26,8.70,1.93
602074,Yonathan Daza,CF,,0,7,.270,.304,.351,0,0,0.0,0.0
553869,Elias Díaz,C,,14,72,.267,.316,.409,0,0,0.0,0.0
686668,Brenton Doyle,CF,,10,48,.203,.250,.343,0,0,0.0,0.0
656382,Tommy Doyle,P,,0,0,.000,.000,.000,0,18,6.85,1.52
663372,Ryan Feltner,P,,0,0,.000,.000,.000,2,38,5.82,1.68
623167,Chris Flexen,P,,0,0,.000,.000,.000,2,74,6.86,1.67
607536,Kyle Freeland,P,,0,0,.000,.000,.000,6,94,5.03,1.47
596295,Austin Gomber,P,,0,0,.000,.000,.000,9,87,5.50,1.49
696100,Hunter Goodman,C,,1,17,.200,.247,.386,0,0,0.0,0.0
545341,Randal Grichuk,RF,,16,44,.267,.321,.459,0,0,0.0,0.0
543272,Brad Hand,P,,0,0,.000,.000,.000,5,59,5.53,1.42
668970,Gavin Hollowell,P,,0,0,.000,.000,.000,2,32,5.88,1.46
572955,Pierce Johnson,P,,0,0,.000,.000,.000,2,90,4.02,1.48
666134,Nolan Jones,LF,,20,62,.297,.389,.542,0,0,0.0,0.0
687145,Evan Justice,P,,0,0,.000,.000,.000,0,7,8.59,3.00
663731,Connor Kaiser,SS,,0,0,.000,.000,.000,0,0,0.0,0.0
666154,Karl Kauffmann,P,,0,0,.000,.000,.000,2,16,8.23,1.66
641755,Tyler Kinley,P,,0,0,.000,.000,.000,0,17,6.06,1.65
571863,Matt Koch,P,,0,0,.000,.000,.000,3,27,5.12,1.29
663567,Peter Lambert,P,,0,0,.000,.000,.000,3,71,5.36,1.39
659275,Dinelson Lamet,P,,0,0,.000,.000,.000,1,32,11.71,2.35
664875,Justin Lawrence,P,,0,0,.000,.000,.000,4,78,3.72,1.35
608566,Germán Márquez,P,,0,0,.000,.000,.000,2,17,4.95,1.10
641857,Ryan McMahon,3B,,23,70,.240,.322,.431,0,0,0.0,0.0
683232,Nick Mears,P,,0,0,.000,.000,.000,0,21,3.72,1.45
660707,Elehuris Montero,1B,,11,39,.243,.290,.426,0,0,0.0,0.0
663796,Coco Montes,2B,,1,3,.184,.244,.316,0,0,0.0,0.0
519058,Mike Moustakas,1B,,12,48,.247,.293,.392,0,0,0.0,0.0
666207,Riley Pint,P,,0,0,.000,.000,.000,0,0,27.00,12.00
595777,Jurickson Profar,LF,,9,46,.242,.321,.368,0,0,0.0,0.0
663898,Brendan Rodgers,2B,,4,20,.258,.313,.388,0,0,0.0,0.0
657756,Connor Seabold,P,,0,0,.000,.000,.000,1,67,7.52,1.65
622608,Antonio Senzatela,P,,0,0,.000,.000,.000,0,4,4.70,1.17
661531,Brian Serven,C,,0,1,.130,.130,.174,0,0,0.0,0.0
608718,Brent Suter,P,,0,0,.000,.000,.000,4,55,3.38,1.30
669911,Michael Toglia,1B,,4,9,.163,.224,.284,0,0,0.0,0.0
678662,Ezequiel Tovar,SS,,15,73,.253,.287,.408,0,0,0.0,0.0
676701,Alan Trejo,2B,,4,26,.232,.288,.343,0,1,13.50,2.00
657061,Cole Tucker,3B,,0,2,.500,.600,.500,0,0,0.0,0.0
570632,José Ureña,P,,0,0,.000,.000,.000,0,29,6.45,1.61
680767,Victor Vodnik,P,,0,0,.000,.000,.000,1,12,8.31,2.08
642851,Austin Wynns,C,,1,10,.208,.268,.277,0,0,0.0,0.0
641302,Tyler Alexander,P,,0,0,.000,.000,.000,2,44,4.50,1.11
668731,Akil Baddoo,LF,,11,34,.218,.310,.372,0,0,0.0,0.0
595879,Javier Báez,SS,,9,59,.222,.267,.325,0,0,0.0,0.0
571510,Matthew Boyd,P,,0,0,.000,.000,.000,5,73,5.45,1.32
689225,Beau Brieske,P,,0,0,.000,.000,.000,2,31,3.60,1.37
668754,Braden Bristo,P,,0,0,.000,.000,.000,0,5,2.57,1.29
408234,Miguel Cabrera,1B,,4,34,.257,.322,.353,0,0,0.0,0.0
681481,Kerry Carpenter,RF,,20,64,.278,.340,.471,0,0,0.0,0.0
542585,José Cisnero,P,,0,0,.000,.000,.000,3,70,5.31,1.48
656371,Isan Díaz,2B,,0,1,.042,.115,.042,0,0,0.0,0.0
622766,Miguel Díaz,P,,0,0,.000,.000,.000,1,16,0.64,0.93
669438,Mason Englert,P,,0,0,.000,.000,.000,4,41,5.46,1.50
656412,Alex Faedo,P,,0,0,.000,.000,.000,2,58,4.45,1.05
671345,Jason Foley,P,,0,0,.000,.000,.000,3,55,2.61,1.16
687830,Sawyer Gipson-Long,P,,0,0,.000,.000,.000,1,26,2.70,1.10
682985,Riley Greene,LF,,11,37,.288,.349,.447,0,0,0.0,0.0
606992,Eric Haase,C,,4,26,.201,.247,.281,0,0,0.0,0.0
669724,Brenan Hanifee,P,,0,0,.000,.000,.000,0,3,5.40,1.60
682051,Garrett Hill,P,,0,0,.000,.000,.000,0,14,9.19,2.11
663947,Tyler Holton,P,,0,0,.000,.000,.000,3,74,2.11,0.87
628451,Andy Ibáñez,2B,,11,41,.264,.312,.433,0,0,0.0,0.0
608348,Carson Kelly,C,,2,13,.206,.278,.287,0,1,10.13,3.75
668952,Ryan Kreidler,SS,,0,0,.111,.111,.111,0,0,0.0,0.0
656638,Alex Lange,P,,0,0,.000,.000,.000,7,79,3.68,1.33
686531,Andre Lipcius,2B,,1,4,.286,.342,.400,0,0,0.0,0.0
656657,Zach Logue,P,,0,0,.000,.000,.000,0,10,7.36,1.36
547179,Michael Lorenzen,P,,0,0,.000,.000,.000,9,111,4.18,1.21
666159,Matt Manning,P,,0,0,.000,.000,.000,5,50,3.58,1.04
545350,Jake Marisnick,CF,,2,10,.237,.280,.408,0,0,0.0,0.0
665155,Nick Maton,LF,,8,32,.173,.288,.305,0,0,0.0,0.0
656716,Zach McKinstry,SS,,9,35,.231,.302,.351,0,0,18.00,3.00
640457,Austin Meadows,LF,,0,2,.238,.238,.286,0,0,0.0,0.0
678009,Parker Meadows,CF,,3,13,.232,.331,.368,0,0,0.0,0.0
664948,Anthony Misiewicz,P,,0,0,.000,.000,.000,2,8,7.36,2.09
663527,Tyler Nevin,1B,,2,10,.200,.306,.316,0,0,0.0,0.0
681857,Reese Olson,P,,0,0,.000,.000,.000,5,103,3.99,1.12
593958,Eduardo Rodriguez,P,,0,0,.000,.000,.000,13,143,3.30,1.15
668670,Jake Rogers,C,,21,49,.221,.286,.444,0,0,0.0,0.0
570731,Jonathan Schoop,2B,,0,7,.213,.278,.272,0,1,0.00,0.75
670097,Zack Short,3B,,7,33,.204,.292,.339,0,1,6.00,2.17
592741,Chasen Shreve,P,,0,0,.000,.000,.000,1,45,4.63,1.34
669373,Tarik Skubal,P,,0,0,.000,.000,.000,7,102,2.80,0.90
669256,Nick Solak,OF,,0,0,.000,.000,.000,0,0,0.0,0.0
679529,Spencer Torkelson,1B,,31,94,.233,.313,.446,0,0,0.0,0.0
605513,Spencer Turnbull,P,,0,0,.000,.000,.000,1,24,7.26,1.68
607755,Andrew Vasquez,P,,0,0,.000,.000,.000,2,43,3.35,1.43
676684,Will Vest,P,,0,0,.000,.000,.000,2,56,2.98,1.10
663837,Matt Vierling,CF,,10,44,.261,.329,.388,0,0,0.0,0.0
666214,Joey Wentz,P,,0,0,.000,.000,.000,3,98,6.90,1.68
686839,Brendan White,P,,0,0,.000,.000,.000,2,44,5.09,1.35
622259,Trey Wingenter,P,,0,0,.000,.000,.000,1,22,5.82,1.35
650556,Bryan Abreu,P,,0,0,.000,.000,.000,3,100,1.75,1.04
547989,José Abreu,1B,,18,90,.237,.296,.383,0,0,0.0,0.0
514888,Jose Altuve,2B,,17,51,.311,.393,.522,0,0,0.0,0.0
670541,Yordan Alvarez,LF,,31,97,.293,.407,.583,0,0,0.0,0.0
676625,Rylan Bannon,3B,,0,0,.000,.000,.000,0,0,0.0,0.0
656232,Brandon Bielak,P,,0,0,.000,.000,.000,5,62,3.83,1.53
669854,Ronel Blanco,P,,0,0,.000,.000,.000,2,52,4.50,1.48
488726,Michael Brantley,DH,,2,7,.278,.298,.426,0,0,0.0,0.0
608324,Alex Bregman,3B,,25,98,.262,.363,.441,0,0,0.0,0.0
686613,Hunter Brown,P,,0,0,.000,.000,.000,11,178,5.09,1.36
673237,Yainer Diaz,C,,23,60,.282,.308,.538,0,0,0.0,0.0
681869,Shawn Dubin,P,,0,0,.000,.000,.000,0,11,7.00,1.67
643289,Mauricio Dubón,LF,,10,46,.278,.309,.411,0,0,0.0,0.0
641585,J.P. France,P,,0,0,.000,.000,.000,11,101,3.83,1.36
657424,Matt Gage,P,,0,0,.000,.000,.000,0,8,2.70,1.35
677651,Luis Garcia,P,,0,0,.000,.000,.000,2,31,4.00,1.30
608665,Kendall Graveman,P,,0,0,.000,.000,.000,5,66,3.12,1.31
682073,David Hensley,LF,,1,3,.119,.213,.167,0,0,0.0,0.0
664299,Cristian Javier,P,,0,0,.000,.000,.000,10,159,4.56,1.27
667452,Corey Julks,LF,,6,33,.245,.297,.352,0,0,0.0,0.0
666197,Grae Kessinger,3B,,1,1,.200,.289,.325,0,0,0.0,0.0
669270,Joel Kuhnel,P,,0,0,.000,.000,.000,0,3,5.54,1.62
676632,Bligh Madris,1B,,0,0,.154,.267,.192,0,0,9.00,2.00
455117,Martín Maldonado,C,,15,36,.191,.258,.348,0,0,36.00,6.00
661527,Seth Martinez,P,,0,0,.000,.000,.000,2,45,5.23,1.49
664208,Phil Maton,P,,0,0,.000,.000,.000,4,74,3.00,1.12
676801,Chas McCormick,LF,,22,70,.273,.353,.489,0,0,0.0,0.0
676694,Jake Meyers,CF,,10,33,.227,.296,.382,0,0,0.0,0.0
606160,Rafael Montero,P,,0,0,.000,.000,.000,3,79,5.08,1.53
656786,Parker Mushinski,P,,0,0,.000,.000,.000,0,15,5.52,1.57
593576,Héctor Neris,P,,0,0,.000,.000,.000,6,77,1.71,1.05
665161,Jeremy Peña,SS,,10,52,.263,.324,.381,0,0,0.0,0.0
519151,Ryan Pressly,P,,0,0,.000,.000,.000,4,74,3.58,1.07
663967,César Salazar,C,,0,0,.111,.158,.111,0,0,0.0,0.0
572138,Jon Singleton,1B,,2,12,.165,.267,.264,0,0,0.0,0.0
656986,Bennett Sousa,P,,0,0,.000,.000,.000,0,10,4.00,0.89
592773,Ryne Stanek,P,,0,0,.000,.000,.000,3,51,4.09,1.24
663656,Kyle Tucker,RF,,29,112,.284,.369,.517,0,0,0.0,0.0
664353,José Urquidy,P,,0,0,.000,.000,.000,3,45,5.29,1.43
434378,Justin Verlander,P,,0,0,.000,.000,.000,13,144,3.22,1.13
605130,Scott Barlow,P,,0,0,.000,.000,.000,2,79,4.37,1.40
607461,Matt Beaty,DH,,0,4,.230,.347,.295,0,1,27.00,4.00
680118,Dairon Blanco,LF,,3,18,.258,.324,.452,0,0,0.0,0.0
680742,Jonathan Bowlan,P,,0,0,.000,.000,.000,0,3,3.00,1.67
598265,Jackie Bradley Jr.,CF,,1,6,.133,.188,.210,0,0,0.0,0.0
663460,Kris Bubic,P,,0,0,.000,.000,.000,0,16,3.94,1.31
666721,Max Castillo,P,,0,0,.000,.000,.000,0,10,4.43,1.43
547973,Aroldis Chapman,P,,0,0,.000,.000,.000,6,103,3.09,1.25
664199,Taylor Clarke,P,,0,0,.000,.000,.000,3,65,5.95,1.61
669395,Dylan Coleman,P,,0,0,.000,.000,.000,0,21,8.84,2.02
680735,Austin Cox,P,,0,0,.000,.000,.000,0,33,4.54,1.26
680418,Tyler Cropley,C,,0,1,.167,.143,.167,0,0,0.0,0.0
674444,Steven Cruz,P,,0,0,.000,.000,.000,0,15,4.97,1.74
621016,Jose Cuas,P,,0,0,.000,.000,.000,3,71,3.99,1.50
656353,Tucker Davidson,P,,0,0,.000,.000,.000,1,46,5.96,1.62
641531,Hunter Dozier,3B,,2,9,.183,.253,.305,0,0,0.0,0.0
622110,Matt Duffy,3B,,2,16,.251,.306,.325,0,0,4.50,1.50
681987,Nate Eaton,RF,,0,1,.075,.125,.075,0,1,0.00,2.00
666023,Freddy Fermin,C,,9,32,.281,.321,.461,0,0,0.0,0.0
672580,Maikel Garcia,3B,,4,50,.272,.323,.358,0,0,0.0,0.0
607237,Amir Garrett,P,,0,0,.000,.000,.000,0,28,3.33,1.73
425844,Zack Greinke,P,,0,0,.000,.000,.000,2,97,5.06,1.27
621368,Taylor Hearn,P,,0,0,.000,.000,.000,0,15,11.40,2.07
669169,Jonathan Heasley,P,,0,0,.000,.000,.000,0,9,7.20,1.27
672578,Carlos Hernández,P,,0,0,.000,.000,.000,1,77,5.27,1.33
664728,Kyle Isbel,CF,,5,34,.240,.282,.380,0,0,0.0,0.0
641745,Brad Keller,P,,0,0,.000,.000,.000,3,31,4.57,1.92
663804,Jackson Kowar,P,,0,0,.000,.000,.000,2,29,6.43,1.93
621139,Brooks Kriske,P,,0,0,.000,.000,.000,0,6,4.05,1.05
679845,Nick Loftin,2B,,0,10,.323,.368,.435,0,0,0.0,0.0
670032,Nicky Lopez,2B,,1,25,.231,.326,.307,0,0,7.71,2.57
543475,Jordan Lyles,P,,0,0,.000,.000,.000,6,120,6.28,1.24
663738,Daniel Lynch IV,P,,0,0,.000,.000,.000,3,34,4.64,1.26
679525,Alec Marsh,P,,0,0,.000,.000,.000,3,85,5.69,1.56
686681,Michael Massey,2B,,15,55,.229,.274,.381,0,0,0.0,0.0
594577,Mike Mayers,P,,0,0,.000,.000,.000,1,17,6.15,1.67
663704,James McArthur,P,,0,0,.000,.000,.000,1,23,4.63,0.94
669111,John McMillon,P,,0,0,.000,.000,.000,0,8,2.25,0.25
669004,MJ Melendez,LF,,16,56,.235,.316,.398,0,0,0.0,0.0
658668,Edward Olivares,OF,,12,36,.263,.317,.452,0,0,0.0,0.0
686469,Vinnie Pasquantino,1B,,9,26,.247,.324,.437,0,0,0.0,0.0
521692,Salvador Perez,C,,23,80,.255,.292,.422,0,0,0.0,0.0
682515,Logan Porter,C,,1,3,.194,.324,.323,0,0,0.0,0.0
668472,Nick Pratto,1B,,7,35,.232,.307,.353,0,0,0.0,0.0
666142,Cole Ragans,P,,0,0,.000,.000,.000,7,113,3.47,1.16
614177,Franmil Reyes,LF,,2,7,.186,.231,.288,0,0,0.0,0.0
663903,Brady Singer,P,,0,0,.000,.000,.000,8,133,5.52,1.45
676092,Collin Snider,P,,0,0,.000,.000,.000,0,11,4.87,1.82
622251,Josh Staumont,P,,0,0,.000,.000,.000,0,24,5.40,1.45
657031,Josh Taylor,P,,0,0,.000,.000,.000,1,26,8.15,1.75
669392,Samad Taylor,2B,,0,4,.200,.279,.267,0,0,0.0,0.0
676369,Nelson Velázquez,RF,,17,34,.235,.302,.586,0,0,0.0,0.0
685107,Anthony Veneziano,P,,0,0,.000,.000,.000,0,1,0.00,1.71
671221,Drew Waters,RF,,8,32,.228,.300,.377,0,0,0.0,0.0
677951,Bobby Witt Jr.,SS,,30,96,.276,.319,.495,0,0,0.0,0.0
621295,Nick Wittgren,P,,0,0,.000,.000,.000,1,18,4.97,1.41
642232,Ryan Yarbrough,P,,0,0,.000,.000,.000,8,67,4.52,1.23
672582,Angel Zerpa,P,,0,0,.000,.000,.000,3,36,4.85,1.27
622075,Yency Almonte,P,,0,0,.000,.000,.000,3,49,5.06,1.40
605131,Austin Barnes,C,,2,11,.180,.256,.242,0,0,0.0,0.0
605141,Mookie Betts,SS,,39,107,.307,.408,.579,0,0,0.0,0.0
641360,Phil Bickford,P,,0,0,.000,.000,.000,5,76,4.95,1.46
518489,Ryan Brasier,P,,0,0,.000,.000,.000,3,56,3.02,1.02
677865,Justin Bruihl,P,,0,0,.000,.000,.000,1,22,5.46,1.39
683737,Michael Busch,1B,,2,7,.167,.247,.292,0,0,0.0,0.0
592229,Dylan Covey,P,,0,0,.000,.000,.000,1,30,3.77,1.51
664202,Tyler Cyr,P,,0,0,.000,.000,.000,0,2,0.00,0.60
676356,Jonny DeLuca,RF,,2,6,.262,.311,.429,0,0,0.0,0.0
657571,Caleb Ferguson,P,,0,0,.000,.000,.000,7,70,3.43,1.44
518692,Freddie Freeman,1B,,29,102,.331,.410,.567,0,0,0.0,0.0
664062,Tony Gonsolin,P,,0,0,.000,.000,.000,8,82,4.98,1.22
624647,Victor González,P,,0,0,.000,.000,.000,3,30,4.01,1.10
660813,Brusdar Graterol,P,,0,0,.000,.000,.000,4,48,1.20,0.97
675627,Michael Grove,P,,0,0,.000,.000,.000,2,73,6.13,1.48
571771,Enrique Hernández,CF,,11,61,.237,.289,.357,0,0,0.0,0.0
660634,Yonny Hernández,SS,,0,4,.136,.231,.182,0,0,0.00,1.00
518792,Jason Heyward,RF,,15,40,.269,.340,.473,0,0,0.0,0.0
663542,Bryan Hudson,P,,0,0,.000,.000,.000,0,7,7.27,1.85
543339,Daniel Hudson,P,,0,0,.000,.000,.000,0,5,0.00,1.67
669165,Kyle Hurt,P,,0,0,.000,.000,.000,0,3,0.00,0.00
656578,Andre Jackson,P,,0,0,.000,.000,.000,1,57,4.99,1.21
523260,Joe Kelly,P,,0,0,.000,.000,.000,2,60,4.12,1.19
477132,Clayton Kershaw,P,,0,0,.000,.000,.000,13,137,2.46,1.06
592473,Adam Kolarek,P,,0,0,.000,.000,.000,0,7,0.00,0.50
458681,Lance Lynn,P,,0,0,.000,.000,.000,13,191,5.73,1.39
545350,Jake Marisnick,CF,,2,10,.237,.280,.408,0,0,0.0,0.0
502110,J.D. Martinez,DH,,33,103,.271,.321,.572,0,0,0.0,0.0
669160,Dustin May,P,,0,0,.000,.000,.000,4,34,2.63,0.94
676272,Bobby Miller,P,,0,0,.000,.000,.000,11,119,3.76,1.10
571946,Shelby Miller,P,,0,0,.000,.000,.000,3,42,1.71,0.90
668338,Tyson Miller,P,,0,0,.000,.000,.000,1,10,4.70,1.24
571970,Max Muncy,3B,,36,105,.212,.333,.475,0,0,0.0,0.0
681546,James Outman,CF,,23,70,.248,.353,.437,0,0,0.0,0.0
686752,Ryan Pepiot,P,,0,0,.000,.000,.000,2,38,2.14,0.76
444482,David Peralta,LF,,7,55,.259,.294,.381,0,0,0.0,0.0
623465,Evan Phillips,P,,0,0,.000,.000,.000,2,66,2.05,0.83
596082,Jake Reed,P,,0,0,.000,.000,.000,0,1,81.00,9.00
687798,Nick Robertson,P,,0,0,.000,.000,.000,0,26,6.04,1.75
500743,Miguel Rojas,SS,,5,31,.236,.290,.322,0,0,6.00,1.33
642708,Amed Rosario,RF,,6,58,.263,.305,.378,0,0,0.0,0.0
605463,Tayler Scott,P,,0,0,.000,.000,.000,0,17,5.60,1.87
686218,Emmet Sheehan,P,,0,0,.000,.000,.000,4,64,4.92,1.19
669257,Will Smith,C,,19,76,.261,.359,.438,0,0,0.0,0.0
694813,Gavin Stone,P,,0,0,.000,.000,.000,1,22,9.00,1.90
593833,Wander Suero,P,,0,0,.000,.000,.000,1,9,7.88,1.38
592789,Noah Syndergaard,P,,0,0,.000,.000,.000,2,56,6.50,1.39
621035,Chris Taylor,LF,,15,56,.237,.326,.420,0,0,0.0,0.0
572204,Trayce Thompson,RF,,6,17,.163,.285,.294,0,0,0.0,0.0
628711,Julio Urías,P,,0,0,.000,.000,.000,11,117,4.60,1.16
678246,Miguel Vargas,3B,,7,32,.195,.305,.367,0,0,0.0,0.0
681402,Gus Varland,P,,0,0,.000,.000,.000,1,20,6.64,2.11
681911,Alex Vesia,P,,0,0,.000,.000,.000,2,64,4.35,1.39
663897,Luke Williams,LF,,0,0,.053,.053,.053,0,0,0.00,0.00
543939,Kolten Wong,2B,,4,27,.183,.256,.263,0,0,0.0,0.0
642851,Austin Wynns,C,,1,10,.208,.268,.277,0,0,0.0,0.0
642232,Ryan Yarbrough,P,,0,0,.000,.000,.000,8,67,4.52,1.23
676265,Cory Abbott,P,,0,0,.000,.000,.000,1,40,6.64,1.70
682928,CJ Abrams,SS,,18,64,.245,.300,.412,0,0,0.0,0.0
656180,Riley Adams,C,,4,21,.273,.331,.476,0,0,0.0,0.0
672851,Joan Adon,P,,0,0,.000,.000,.000,2,48,6.45,1.63
666906,Jake Alu,3B,,2,16,.226,.282,.289,0,0,0.0,0.0
607455,Anthony Banda,P,,0,0,.000,.000,.000,0,6,6.43,2.00
663905,Travis Blankenhorn,RF,,1,1,.161,.297,.258,0,0,0.0,0.0
669743,Alex Call,RF,,8,38,.200,.307,.307,0,0,0.0,0.0
600869,Jeimer Candelario,3B,,22,70,.251,.336,.471,0,0,0.0,0.0
656308,Michael Chavis,2B,,2,5,.242,.281,.341,0,0,0.0,0.0
571578,Patrick Corbin,P,,0,0,.000,.000,.000,10,124,5.20,1.48
572816,Corey Dickerson,LF,,2,17,.250,.283,.354,0,0,0.0,0.0
669023,Jeter Downs,2B,,0,1,.400,.667,.400,0,0,0.0,0.0
605218,Carl Edwards Jr.,P,,0,0,.000,.000,.000,1,24,3.69,1.52
502179,Paolo Espino,P,,0,0,.000,.000,.000,0,3,24.75,4.25
678606,Jose A. Ferrer,P,,0,0,.000,.000,.000,3,25,5.03,1.47
640448,Kyle Finnegan,P,,0,0,.000,.000,.000,7,63,3.76,1.30
671277,Luis García Jr.,2B,,9,50,.266,.304,.385,0,0,0.0,0.0
670329,Rico Garcia,P,,0,0,.000,.000,.000,0,10,9.26,2.14
676395,Robert Garcia,P,,0,0,.000,.000,.000,2,33,3.66,1.19
656448,Stone Garrett,RF,,9,40,.269,.343,.457,0,0,0.0,0.0
669022,MacKenzie Gore,P,,0,0,.000,.000,.000,7,151,4.42,1.40
680686,Josiah Gray,P,,0,0,.000,.000,.000,8,143,3.91,1.46
665048,Hobie Harris,P,,0,0,.000,.000,.000,0,9,5.12,1.76
640451,Hunter Harvey,P,,0,0,.000,.000,.000,4,67,2.82,0.94
656537,Derek Hill,CF,,0,1,.170,.220,.191,0,0,0.0,0.0
663623,Jake Irvin,P,,0,0,.000,.000,.000,3,99,4.61,1.42
666198,Carter Kieboom,3B,,4,11,.207,.266,.368,0,0,0.0,0.0
641771,Chad Kuhl,P,,0,0,.000,.000,.000,0,31,8.45,1.96
686747,Joe La Sorsa,P,,0,0,.000,.000,.000,1,28,4.41,1.26
600921,Andrés Machado,P,,0,0,.000,.000,.000,4,43,5.22,1.32
608841,Joey Meneses,1B,,13,89,.275,.321,.401,0,0,0.0,0.0
686452,Drew Millas,C,,1,6,.286,.375,.464,0,0,0.0,0.0
663432,Tanner Rainey,P,,0,0,.000,.000,.000,0,1,0.00,2.00
541640,Erasmo Ramírez,P,,0,0,.000,.000,.000,3,43,6.41,1.57
645302,Victor Robles,CF,,0,8,.299,.385,.364,0,0,0.0,0.0
660688,Keibert Ruiz,C,,18,67,.260,.308,.409,0,0,0.0,0.0
666164,Blake Rutherford,LF,,0,2,.171,.194,.171,0,0,0.0,0.0
671131,Jackson Rutledge,P,,0,0,.000,.000,.000,1,12,6.75,1.50
642086,Dominic Smith,1B,,12,46,.254,.326,.366,0,0,0.0,0.0
657041,Lane Thomas,RF,,28,86,.268,.315,.468,0,1,27.00,3.00
666168,Mason Thompson,P,,0,0,.000,.000,.000,4,44,5.50,1.56
545121,Ildemaro Vargas,3B,,4,31,.252,.304,.363,0,0,4.50,1.50
663658,Thaddeus Ward,P,,0,0,.000,.000,.000,0,30,6.37,1.61
607179,Jordan Weems,P,,0,0,.000,.000,.000,5,60,3.62,1.21
592866,Trevor Williams,P,,0,0,.000,.000,.000,6,111,5.55,1.60
686294,Amos Willingham,P,,0,0,.000,.000,.000,0,15,6.66,1.81
696285,Jacob Young,CF,,0,12,.252,.322,.336,0,0,0.0,0.0
501659,Abraham Almonte,OF,,0,0,.067,.125,.133,0,0,0.0,0.0
624413,Pete Alonso,1B,,46,118,.217,.318,.504,0,0,0.0,0.0
682626,Francisco Alvarez,C,,25,63,.209,.284,.437,0,0,0.0,0.0
660620,Jonathan Araúz,2B,,3,9,.136,.203,.288,0,0,0.0,0.0
683146,Brett Baty,3B,,9,34,.212,.275,.323,0,0,0.0,0.0
641360,Phil Bickford,P,,0,0,.000,.000,.000,5,76,4.95,1.46
656257,Jeff Brigham,P,,0,0,.000,.000,.000,1,42,5.26,1.17
592192,Mark Canha,LF,,11,62,.262,.355,.400,0,0,0.0,0.0
471911,Carlos Carrasco,P,,0,0,.000,.000,.000,3,66,6.80,1.70
656322,Sam Coonrod,P,,0,0,.000,.000,.000,0,6,9.45,1.95
595928,John Curtiss,P,,0,0,.000,.000,.000,0,16,4.58,1.27
500871,Eduardo Escobar,3B,,6,31,.226,.269,.344,0,0,2.45,0.82
657585,Reed Garrett,P,,0,0,.000,.000,.000,1,16,6.41,1.47
641627,Trevor Gott,P,,0,0,.000,.000,.000,0,62,4.19,1.41
641645,Luis Guillorme,2B,,1,9,.224,.288,.327,0,0,0.00,1.00
701643,Grant Hartwig,P,,0,0,.000,.000,.000,5,30,4.84,1.39
488984,Tommy Hunter,P,,0,0,.000,.000,.000,0,20,6.85,1.39
641743,Anthony Kay,P,,0,0,.000,.000,.000,0,11,6.14,1.50
592473,Adam Kolarek,P,,0,0,.000,.000,.000,0,7,0.00,0.50
608678,Dominic Leone,P,,0,0,.000,.000,.000,1,54,4.67,1.43
596019,Francisco Lindor,SS,,31,98,.254,.336,.470,0,0,0.0,0.0
641796,Tim Locastro,LF,,2,3,.232,.338,.393,0,0,0.0,0.0
664192,Joey Lucchesi,P,,0,0,.000,.000,.000,4,32,2.89,1.31
516782,Starling Marte,RF,,5,28,.248,.301,.324,0,0,0.0,0.0
677595,Ronny Mauricio,SS,,2,9,.248,.296,.347,0,0,0.0,0.0
519008,T.J. McFarland,P,,0,0,.000,.000,.000,0,2,5.40,3.00
643446,Jeff McNeil,2B,,10,55,.270,.333,.378,0,0,0.0,0.0
656731,Tylor Megill,P,,0,0,.000,.000,.000,9,105,4.70,1.58
664901,Danny Mendick,3B,,1,4,.185,.232,.277,0,0,36.00,4.50
668338,Tyson Miller,P,,0,0,.000,.000,.000,1,10,4.70,1.24
669105,Zach Muckenhirn,P,,0,0,.000,.000,.000,0,3,6.00,2.17
553882,Omar Narváez,C,,2,7,.211,.283,.297,0,0,0.0,0.0
621512,Tomás Nido,C,,0,1,.125,.153,.125,0,0,0.0,0.0
657697,Vinny Nittoli,P,,0,0,.000,.000,.000,0,3,2.45,1.09
668665,Stephen Nogosek,P,,0,0,.000,.000,.000,0,25,5.61,1.64
542364,Rafael Ortega,CF,,1,8,.219,.341,.272,0,0,0.0,0.0
493603,Adam Ottavino,P,,0,0,.000,.000,.000,1,62,3.21,1.22
605421,Michael Pérez,C,,0,0,.500,.500,.625,0,0,0.0,0.0
656849,David Peterson,P,,0,0,.000,.000,.000,3,128,5.03,1.57
502054,Tommy Pham,CF,,16,68,.256,.328,.446,0,0,0.0,0.0
500779,Jose Quintana,P,,0,0,.000,.000,.000,3,60,3.57,1.31
548384,Brooks Raley,P,,0,0,.000,.000,.000,1,61,2.80,1.26
656887,Sean Reid-Foley,P,,0,0,.000,.000,.000,0,16,3.52,1.30
660593,Denyi Reyes,P,,0,0,.000,.000,.000,0,17,7.78,1.68
502085,David Robertson,P,,0,0,.000,.000,.000,6,78,3.03,1.19
596142,Gary Sánchez,C,,19,47,.217,.288,.492,0,0,0.0,0.0
642701,Dennis Santana,P,,0,0,.000,.000,.000,1,12,5.91,1.59
453286,Max Scherzer,P,,0,0,.000,.000,.000,13,174,3.77,1.12
673540,Kodai Senga,P,,0,0,.000,.000,.000,12,202,2.98,1.22
622098,Drew Smith,P,,0,0,.000,.000,.000,4,60,4.15,1.40
621466,DJ Stewart,RF,,11,26,.244,.333,.506,0,0,0.0,0.0
670955,Edwin Uceta,P,,0,0,.000,.000,.000,0,3,0.00,0.67
434378,Justin Verlander,P,,0,0,.000,.000,.000,13,144,3.22,1.13
668901,Mark Vientos,3B,,9,22,.211,.253,.367,0,0,0.0,0.0
596129,Daniel Vogelbach,DH,,13,48,.233,.339,.404,0,0,0.0,0.0
677020,Josh Walker,P,,0,0,.000,.000,.000,0,12,8.10,1.80
642231,Jimmy Yacabonis,P,,0,0,.000,.000,.000,2,11,6.59,1.46
